公司全名,公司简称,公司规模,融资阶段,区域,职位名称,工作经验,学历要求,工资,职位福利,工作年限,经验,salary,月薪
深圳市紫川软件有限公司,紫川软件,500-2000人,不需要融资,南山区,PHP工程师,3-5年,大专,9k-12k,周末双休 五险一金 员工旅游,"['3', '5']",4.0,"['9', '12']",9.75
深圳市哎吖科技有限公司,哎吖科技,15-50人,天使轮,南山区,PHP工程师,1-3年,大专,8k-15k,"氛围轻松,环境好,下午茶,福利多多","['1', '3']",2.0,"['8', '15']",9.75
深圳市千米生活科技有限公司,深圳市千米生活科技有限公司,15-50人,未融资,南山区,PHP开发工程师,3-5年,不限,15k-18k,"福利待遇好,前景好","['3', '5']",4.0,"['15', '18']",15.75
深圳市亿乐谷科技有限公司,亿乐谷,150-500人,D轮及以上,宝安区,PHP开发工程师,3-5年,大专,10k-18k,"五险一金,员工旅游,带薪年假,电商行业","['3', '5']",4.0,"['10', '18']",12.0
深圳市国人在线信息技术有限公司,国人在线,150-500人,不需要融资,龙华新区,PHP开发工程师,3-5年,大专,8k-15k,"扁平管理,带薪年假,员工旅游,商业保险","['3', '5']",4.0,"['8', '15']",9.75
深圳市华阅文化传媒有限公司,华阅文化,150-500人,A轮,南山区,PHP开发工程师,1-3年,本科,12k-18k,"五险一金,奇虎360,大咖多,旅游","['1', '3']",2.0,"['12', '18']",13.5
广州市宝奕瀛新汽车有限责任公司,响响租车,50-150人,天使轮,南山区,PHP开发工程师,1-3年,大专,10k-20k,"福利多,团队好,有大牛","['1', '3']",2.0,"['10', '20']",12.5
深圳易可达科技有限公司,纵腾网络,500-2000人,上市公司,龙华新区,php,1-3年,大专,8k-15k,"发展前景好,薪酬福利好,工作环境好,领导好","['1', '3']",2.0,"['8', '15']",9.75
深圳市递四方信息科技有限公司,4PX,500-2000人,D轮及以上,宝安区,PHP开发工程师,3-5年,大专,10k-20k,阿里系 自主研发 团队氛围好 技术大咖多,"['3', '5']",4.0,"['10', '20']",12.5
深圳市农博创新科技有限公司,农博创新NBI,15-50人,A轮,南山区,PHP开发工程师,1-3年,本科,6k-12k,"发展空间大,绩效,年终奖","['1', '3']",2.0,"['6', '12']",7.5
上海海万信息科技股份有限公司,江苏亿科达,500-2000人,不需要融资,福田区,PHP开发工程师,3-5年,本科,10k-20k,"环境好,旅游,福利丰厚","['3', '5']",4.0,"['10', '20']",12.5
深圳天天看看信息技术有限公司,天天看看,150-500人,不需要融资,南山区,PHP工程师,3-5年,本科,12k-22k,"老大请吃饭,学习空间大,福利好","['3', '5']",4.0,"['12', '22']",14.5
深圳市华宇讯科技有限公司,卖座网,500-2000人,B轮,南山区,PHP工程师,3-5年,本科,15K-25K,福利待遇、发展前景,"['3', '5']",4.0,"['15', '25']",17.5
深圳优创信息科技有限公司,优创,15-50人,不需要融资,福田区,中级PHP工程师,3-5年,不限,10k-15k,"五险一金,绩效奖金,全勤奖,年终分红","['3', '5']",4.0,"['10', '15']",11.25
深圳市萌蛋互动网络有限公司,萌蛋互动,150-500人,不需要融资,南山区,PHP开发,1-3年,本科,13k-25k,高速发展期、大流量、高并发,"['1', '3']",2.0,"['13', '25']",16.0
深圳市英思奇信息咨询有限公司,英思奇,50-150人,未融资,宝安区,PHP开发工程师,3-5年,大专,15k-25k,"薪资待遇好,环境高大上","['3', '5']",4.0,"['15', '25']",17.5
深圳小鹅网络技术有限公司,小鹅（小鹅通）,50-150人,A轮,南山区,PHP,不限,本科,10k-20k,高薪，创业核心来自腾讯，获线下投资,[],0.0,"['10', '20']",12.5
深圳回收宝科技有限公司,回收宝,150-500人,B轮,南山区,PHP研发工程师,3-5年,本科,15k-25k,"腾讯系团队,大牛导师多,发展前景好,薪资待遇好","['3', '5']",4.0,"['15', '25']",17.5
深圳大川网络科技有限公司,大川,50-150人,不需要融资,南山区,PHP开发工程师,3-5年,大专,10k-20k,"包吃中晚餐,项目奖金,年终奖,团队活动","['3', '5']",4.0,"['10', '20']",12.5
深圳市天创进科技有限公司,HelloTalk,50-150人,A轮,南山区,PHP工程师,3-5年,本科,15k-25k,国际化团队，福利待遇好，项目前景佳,"['3', '5']",4.0,"['15', '25']",17.5
众安在线财产保险股份有限公司,众安保险,2000人以上,上市公司,南山区,PHP开发工程师,3-5年,不限,13k-25k,"上市公司,五险一金,福利好,成长快","['3', '5']",4.0,"['13', '25']",16.0
厦门千时科技有限公司,久趣英语,150-500人,B轮,南山区,PHP高级工程师,5-10年,本科,24k-48k,"扁平化管理,发展空间大,氛围良好,弹性工作制","['5', '10']",7.5,"['24', '48']",30.0
深圳市华阅文化传媒有限公司,华阅文化,150-500人,A轮,南山区,PHP开发,应届毕业生,本科,10k-15k,"五险一金,奇虎360,旅游,餐补",[],0.0,"['10', '15']",11.25
深圳市环球易购电子商务有限公司,环球易购,2000人以上,上市公司,南山区,PHP工程师,不限,大专,12k-22k,技术大牛团队 和一群牛逼的人做有意义的事,[],0.0,"['12', '22']",14.5
深圳市百利玛前海科技发展有限公司,百利玛前海科技,50-150人,未融资,罗湖区,PHP开发工程师,3-5年,大专,10k-15k,"五险一金,扁平管理,公司气氛好","['3', '5']",4.0,"['10', '15']",11.25
深圳市新华云帆科技有限公司,新华云帆,150-500人,B轮,南山区,PHP,3-5年,大专,10k-18k,"年终奖,弹性上班,节日福利,餐补","['3', '5']",4.0,"['10', '18']",12.0
深圳市佰仟金融服务有限公司,佰仟金融,2000人以上,不需要融资,福田区,PHP工程师,3-5年,本科,10k-15k,"消费金融,p2p,福利好,技术专研","['3', '5']",4.0,"['10', '15']",11.25
深圳市珍爱网信息技术有限公司,珍爱网,2000人以上,不需要融资,南山区,PHP开发工程师,1-3年,本科,10k-15k,技术氛围好；工作环境棒,"['1', '3']",2.0,"['10', '15']",11.25
深圳市万事富科技有限公司,找靓机网,150-500人,B轮,福田区,资深PHP,5-10年,大专,15k-20k,"平台大,发展前景,机会多","['5', '10']",7.5,"['15', '20']",16.25
深圳市猎芯科技有限公司,猎芯科技,50-150人,B轮,龙岗区,php开发工程师,1-3年,大专,10k-19k,"php,think,后端,MYSQL","['1', '3']",2.0,"['10', '19']",12.25
深圳市天英联合教育股份有限公司,天英教育,50-150人,上市公司,南山区,PHP,1-3年,本科,8k-15k,上市公司+美女云集+高颜值团队+福利无上限,"['1', '3']",2.0,"['8', '15']",9.75
深圳市易讯天空网络技术有限公司,500.com集团,150-500人,上市公司,南山区,PHP开发工程师,3-5年,本科,14k-26k,上市公司、福利优厚、免费班车、年终奖金,"['3', '5']",4.0,"['14', '26']",17.0
深圳优创信息科技有限公司,优创,15-50人,不需要融资,福田区,高级PHP工程师,5-10年,不限,15k-25k,"五险一金,双休,全勤奖,年终分红","['5', '10']",7.5,"['15', '25']",17.5
深圳市华云中盛科技有限公司,华云中盛,150-500人,不需要融资,南山区,php工程师,5-10年,大专,15k-25k,"能力提升,晋升顺畅,年度旅游,年终福利","['5', '10']",7.5,"['15', '25']",17.5
武汉佰钧成技术有限责任公司,武汉佰钧成技术有限公司,2000人以上,不需要融资,南山区,PHP开发工程师,3-5年,大专,10k-15k,"项目奖金,弹性工作,大平台","['3', '5']",4.0,"['10', '15']",11.25
深圳市联翘科技有限公司,联翘科技,150-500人,天使轮,南山区,PHP开发工程师,1-3年,大专,8k-10k,"带薪年假,青春活力,团建聚餐","['1', '3']",2.0,"['8', '10']",8.5
深圳搜豹网络有限公司,深圳搜豹网络有限公司,50-150人,天使轮,龙岗区,PHP开发工程师,1-3年,大专,10k-15k,"每半年涨薪一次,社保+双休+国家节假日+福利","['1', '3']",2.0,"['10', '15']",11.25
深圳凹客信息科技有限公司,凹客科技,150-500人,天使轮,宝安区,PHP开发工程师,3-5年,大专,10k-20k,"下午茶,晋升空间,绩效奖金,五险一金","['3', '5']",4.0,"['10', '20']",12.5
深圳智维网络有限公司,智维网络,50-150人,不需要融资,南山区,PHP开发工程师,1-3年,大专,6k-12k,"周末双休,购买社保,组织旅游,年终奖","['1', '3']",2.0,"['6', '12']",7.5
深圳市五谷网络科技有限公司,大丰收DFS168.com,150-500人,C轮,南山区,PHP,3-5年,本科,10k-20k,"薪资福利高,氛围好","['3', '5']",4.0,"['10', '20']",12.5
网宿科技股份有限公司北京分公司,网宿科技,2000人以上,上市公司,光明新区,php开发工程师-深圳-01168,3-5年,大专,10k-15k,提供住宿,"['3', '5']",4.0,"['10', '15']",11.25
深圳市盛开互联网金融顾问有限公司,盛开金融,15-50人,未融资,南山区,PHP工程师,1-3年,大专,10k-20k,五险一金，绩效奖金，周末双休，下午茶,"['1', '3']",2.0,"['10', '20']",12.5
众安在线财产保险股份有限公司,众安保险,2000人以上,上市公司,,深圳-PHP开发工程师,3-5年,本科,13k-25k,互联网独角兽公司，2~4个月年终奖,"['3', '5']",4.0,"['13', '25']",16.0
深圳朗安信息科技有限公司,朗安信息科技,50-150人,不需要融资,南山区,PHP开发工程师,3-5年,本科,10k-15k,"丰厚薪酬,丰厚福利,弹性工作,人性化管理","['3', '5']",4.0,"['10', '15']",11.25
深圳市华云中盛科技有限公司,华云中盛,150-500人,不需要融资,南山区,php开发工程师,3-5年,大专,10k-18k,"年度旅游,年终福利,年度体检,岗位提升","['3', '5']",4.0,"['10', '18']",12.0
深圳盈富斯科技有限公司,盈富斯,150-500人,C轮,南山区,高级PHP开发工程师,3-5年,本科,15k-25k,"平台大,氛围好,领导好","['3', '5']",4.0,"['15', '25']",17.5
深圳市英思奇信息咨询有限公司,英思奇,50-150人,未融资,宝安区,PHP,5-10年,大专,20k-40k,高于同行的薪资和良好的晋升空间,"['5', '10']",7.5,"['20', '40']",25.0
上海墨d数码科技有限公司,上海墨d,150-500人,不需要融资,南山区,php开发工程师,5-10年,本科,15k-25k,"平台好,领导好,大牛,项目好","['5', '10']",7.5,"['15', '25']",17.5
深圳市迅享科技有限公司,深圳市迅享科技有限公司,50-150人,天使轮,南山区,PHP高级开发工程师,3-5年,本科,15k-20k,"带薪年假,五险一金,节日福利","['3', '5']",4.0,"['15', '20']",16.25
拓维信息系统股份有限公司,拓维信息,2000人以上,上市公司,南山区,PHP工程师,5-10年,本科,15k-25k,"薪资高,福利好","['5', '10']",7.5,"['15', '25']",17.5
深圳市云宝聚合网络科技有限公司,云宝聚合,50-150人,不需要融资,南山区,PHP开发工程师,3-5年,本科,15k-25k,"舒适办公,晋升空间,逗比同事,扁平管理","['3', '5']",4.0,"['15', '25']",17.5
南方银谷科技有限公司,南方银谷,150-500人,D轮及以上,南山区,PHP开发工程师,3-5年,本科,13k-16k,团队氛围好,"['3', '5']",4.0,"['13', '16']",13.75
深圳华强聚丰电子科技有限公司,华强聚丰电子,150-500人,A轮,福田区,PHP开发工程师,3-5年,大专,13k-18k,"双休,带薪年假,五险一金","['3', '5']",4.0,"['13', '18']",14.25
深圳凯撒网络科技有限公司,凯撒文化,500-2000人,上市公司,南山区,PHP开发工程师,3-5年,本科,10k-20k,"上市公司,发展潜力大,领导好,公司氛围好","['3', '5']",4.0,"['10', '20']",12.5
深圳布谷鸟信息科技有限公司,布谷鸟科技,500-2000人,不需要融资,南山区,中级PHP工程师,3-5年,本科,13k-18k,"团队氛围好,晋升机会大","['3', '5']",4.0,"['13', '18']",14.25
深圳木成林科技有限公司,小雨伞,50-150人,B轮,南山区,PHP研发工程师,不限,本科,13k-25k,"季度团建,发展空间,弹性工作,氛围好",[],0.0,"['13', '25']",16.0
恒大地产集团珠三角房地产开发有限公司,恒大珠三角公司,2000人以上,上市公司,南山区,PHP开发,3-5年,本科,20k-40k,大平台 高手如云 物联网方向,"['3', '5']",4.0,"['20', '40']",25.0
深圳尚米网络技术有限公司,尚米网络,150-500人,不需要融资,宝安区,PHP开发工程师,不限,本科,8k-10k,"五险一金,环境优美,交通便利,福利好",[],0.0,"['8', '10']",8.5
深圳市编玩边学教育科技有限公司,编玩边学,50-150人,B轮,南山区,PHP开发工程师,1-3年,本科,10k-15k,"健身房,五险一金,带薪年假,周末双休","['1', '3']",2.0,"['10', '15']",11.25
深圳市联翘科技有限公司,联翘科技,150-500人,天使轮,南山区,初、中级PHP工程师,1-3年,大专,13k-18k,"团队氛围好,晋升机会大","['1', '3']",2.0,"['13', '18']",14.25
深圳市东方博雅科技有限公司,博雅互动,500-2000人,上市公司,南山区,高级PHP开发工程师,5-10年,本科,20k-30k,"上市公司,六险一金,免费班车,餐补","['5', '10']",7.5,"['20', '30']",22.5
深圳市保利物业管理集团有限公司,深圳市保利物业管理集团有限公司,2000人以上,不需要融资,,PHP开发,3-5年,本科,12k-15k,诚聘PHP,"['3', '5']",4.0,"['12', '15']",12.75
数睿科技（深圳）有限公司,数睿科技,150-500人,上市公司,福田区,高级PHP工程师,5-10年,大专,15k-19k,"上市公司,丰厚福利,高大上环境,扁平化管理","['5', '10']",7.5,"['15', '19']",16.0
深圳市乐唯科技开发有限公司,乐唯科技,50-150人,不需要融资,南山区,PHP中级开发工程师,1-3年,大专,8k-15k,"优越的环境,卓越的技术,丰厚的福利,活跃的气氛","['1', '3']",2.0,"['8', '15']",9.75
上海提捺信息科技有限公司,上海提捺信息科技有限公司,500-2000人,不需要融资,宝安区,PHP开发工程师,3-5年,大专,15k-25k,"带薪年假,餐房补贴,年终奖金,出国机会","['3', '5']",4.0,"['15', '25']",17.5
史蒂夫软件（深圳）有限公司,史蒂夫软件,150-500人,不需要融资,南山区,PHP软件工程师,1-3年,本科,8k-13k,"丰富的活动,培训课程多,大神牛人多,轻松的氛围","['1', '3']",2.0,"['8', '13']",9.25
深圳市智物科技有限公司,智物科技,15-50人,天使轮,宝安区,PHP开发工程师,1-3年,本科,7k-14k,"发展前景大,福利好,弹性工作","['1', '3']",2.0,"['7', '14']",8.75
深圳市农博创新科技有限公司,农博创新NBI,15-50人,A轮,南山区,高级PHP开发工程师,3-5年,本科,12k-22k,"发展空间大,平台好,绩效,年终奖","['3', '5']",4.0,"['12', '22']",14.5
深圳回收宝科技有限公司,回收宝,150-500人,B轮,南山区,PHP开发工程师,不限,本科,20k-40k,"腾讯系团队,大牛导师多,发展前景广,薪资待遇好",[],0.0,"['20', '40']",25.0
丹尼尔惠灵顿贸易（深圳）有限公司,丹尼尔惠灵顿,150-500人,不需要融资,南山区,高级PHP开发工程师,5-10年,本科,15k-25k,"外资企业,工作稳定,带薪年假,轻松氛围","['5', '10']",7.5,"['15', '25']",17.5
深圳市明源云客电子商务有限公司,明源云,2000人以上,上市公司,南山区,PHP开发工程师,3-5年,本科,12k-22k,"上市公司,平台大,发展快,福利多","['3', '5']",4.0,"['12', '22']",14.5
深圳市微聚科技有限公司,深圳市微聚科技有限公司,150-500人,不需要融资,南山区,PHP开发工程师,1-3年,大专,10k-20k,"五险一金,节日福利,周末双休,年终奖金","['1', '3']",2.0,"['10', '20']",12.5
深圳市海纳联达实业有限公司,消费者联盟,150-500人,A轮,宝安区,PHP工程师,3-5年,本科,8k-10k,"五险,股票期权,年终奖,包吃包住","['3', '5']",4.0,"['8', '10']",8.5
深圳回收宝科技有限公司,回收宝,150-500人,B轮,南山区,PHP高级开发工程师,3-5年,本科,15k-25k,"腾讯系团队,大牛导师多,发展前景广,薪资待遇好","['3', '5']",4.0,"['15', '25']",17.5
深圳市编玩边学教育科技有限公司,编玩边学,50-150人,B轮,南山区,PHP开发 急招,1-3年,本科,10k-15k,"五险一金,团建聚餐,健身房,带薪年假","['1', '3']",2.0,"['10', '15']",11.25
深圳淘乐网络科技有限公司,淘乐网络,150-500人,不需要融资,南山区,高级PHP工程师,3-5年,大专,15k-30k,"免费三餐,双休,年终奖,项目奖金","['3', '5']",4.0,"['15', '30']",18.75
深圳布谷鸟信息科技有限公司,布谷鸟科技,500-2000人,不需要融资,南山区,高级PHP工程师,3-5年,本科,20k-25k,"团队氛围好,晋升机会大","['3', '5']",4.0,"['20', '25']",21.25
深圳市猎芯科技有限公司,猎芯科技,50-150人,B轮,龙岗区,PHP高级技术工程师,3-5年,本科,10k-20k,发展空间大,"['3', '5']",4.0,"['10', '20']",12.5
深圳市合易网络技术有限公司,合易网络,150-500人,A轮,南山区,PHP程序员,3-5年,不限,10k-20k,"给你想要的,扁平管理","['3', '5']",4.0,"['10', '20']",12.5
华夏城视网络电视股份有限公司,CUTV,50-150人,天使轮,福田区,PHP开发工程师,1-3年,本科,19k-28k,"双休,朝九晚六,工作餐,年休假","['1', '3']",2.0,"['19', '28']",21.25
深圳市轻松到家科技股份有限公司,轻松到家,50-150人,B轮,南山区,PHP开发工程师,1-3年,大专,10k-13k,"LNMP,MySQL,Mongo,yii2","['1', '3']",2.0,"['10', '13']",10.75
深圳市高创易科技有限公司,高创易科技,15-50人,未融资,南山区,PHP工程师,3-5年,本科,10k-20k,"带薪年假,年底双薪,自由轻松,活动频繁","['3', '5']",4.0,"['10', '20']",12.5
数睿科技（深圳）有限公司,数睿科技,150-500人,上市公司,福田区,PHP开发工程师,1-3年,大专,10k-15k,"上市公司,福利丰厚,扁平化管理,轻松办公","['1', '3']",2.0,"['10', '15']",11.25
深圳市不要音乐文化有限公司,不要音乐,15-50人,B轮,南山区,PHP开发工程师,3-5年,大专,8k-16k,"弹性工作,良好氛围,优秀团队","['3', '5']",4.0,"['8', '16']",10.0
信迪网络资讯有限公司,信迪网络资讯有限公司,150-500人,不需要融资,福田区,PHP开发工程师,不限,不限,12k-15k,"周末双休,五险一金,每周下午茶,专属生日会",[],0.0,"['12', '15']",12.75
深圳市博奥特科技有限公司,博奥特科技,150-500人,未融资,南山区,PHP,3-5年,大专,12k-20k,"技术大牛,行业前景好","['3', '5']",4.0,"['12', '20']",14.0
深圳市英思奇信息咨询有限公司,英思奇,50-150人,未融资,宝安区,中高级PHP开发工程师,3-5年,本科,20k-35k,"包吃,包住,带薪假期,税后薪资","['3', '5']",4.0,"['20', '35']",23.75
深圳友宝科斯科技有限公司,友宝,500-2000人,上市公司,南山区,php开发软件工程师,1-3年,本科,8k-15k,"五险一金,周末双休,全勤奖,年终奖励","['1', '3']",2.0,"['8', '15']",9.75
深圳市讯极网络技术有限公司,讯极网络,15-50人,未融资,宝安区,PHP开发工程师,1-3年,本科,8k-16k,"具有挑战的工作,拥有快速发展的未来","['1', '3']",2.0,"['8', '16']",10.0
东莞市超级淘电子商务有限公司深圳分公司,超级淘,50-150人,天使轮,南山区,高级PHP开发工程师,3-5年,本科,15k-18k,"福利待遇好,前景好","['3', '5']",4.0,"['15', '18']",15.75
深圳市英思奇信息咨询有限公司,英思奇,50-150人,未融资,宝安区,PHP工程师,3-5年,不限,25k-50k,"薪资高,福利好,包吃住","['3', '5']",4.0,"['25', '50']",31.25
大地零一（深圳）科技有限公司,大地零一,50-150人,不需要融资,南山区,PHP开发工程师,3-5年,本科,15k-25k,"公司氛围好,不需要融资,年轻人很多","['3', '5']",4.0,"['15', '25']",17.5
深圳市博顺网络科技有限公司,博顺网络,15-50人,不需要融资,南山区,PHP工程师,3-5年,不限,16k-30k,"14薪以上,额外补贴,包食宿,带薪休假","['3', '5']",4.0,"['16', '30']",19.5
深圳鱼传科技有限公司,鱼传科技,15-50人,不需要融资,龙岗区,PHP开发工程师,1-3年,大专,9k-15k,"扁平化管理,大牛指导,五险一金,自由轻松","['1', '3']",2.0,"['9', '15']",10.5
深圳图谱人文科技有限公司,TAPOLE,15-50人,A轮,南山区,PHP 后端工程师,3-5年,大专,15k-20k,"PHP,后端,氛围好","['3', '5']",4.0,"['15', '20']",16.25
惠州市蓝库网络科技有限公司,蓝库,15-50人,不需要融资,坪山新区,PHP开发工程师,1-3年,本科,5k-10k,"做五休二,包吃包住,期权激励,发展空间大","['1', '3']",2.0,"['5', '10']",6.25
深圳市环球易购电子商务有限公司,环球易购,2000人以上,上市公司,南山区,资深PHP工程师/专家,5-10年,大专,20k-35k,A股上市公司，实力雄厚,"['5', '10']",7.5,"['20', '35']",23.75
上海斐讯数据通信技术有限公司,斐讯通信,2000人以上,未融资,南山区,PHP开发工程师,3-5年,本科,14k-18k,五险一金;周末双休;节日福利,"['3', '5']",4.0,"['14', '18']",15.0
深圳市伊起租科技有限公司,伊起租,50-150人,天使轮,福田区,PHP工程师,1-3年,大专,8k-10k,高薪急聘,"['1', '3']",2.0,"['8', '10']",8.5
青牛（北京）技术有限公司,青牛软件,500-2000人,不需要融资,南山区,PHP开发工程师,3-5年,本科,10k-18k,"高薪,双休","['3', '5']",4.0,"['10', '18']",12.0
深圳市中交出行科技有限公司,中交出行,50-150人,未融资,南山区,PHP工程师,3-5年,本科,9k-18k,"绩效奖金,项目奖金,加班零食,年度旅游","['3', '5']",4.0,"['9', '18']",11.25
深圳市越疆科技有限公司,越疆科技,150-500人,B轮,南山区,PHP开发工程师,3-5年,本科,8k-15k,"五险一金,平台好,带薪年假,补贴","['3', '5']",4.0,"['8', '15']",9.75
中大电子商务（深圳）有限公司,中大电子,50-150人,未融资,南山区,PHP开发工程师,5-10年,本科,15k-20k,"7.5小时,5天制,创业公司,股票期权","['5', '10']",7.5,"['15', '20']",16.25
上海淡红金融科技有限公司,快牛金科,500-2000人,B轮,南山区,高级PHP工程师,5-10年,本科,15k-30k,"六险一金,丰厚年终奖,扁平化管理,BAT大牛","['5', '10']",7.5,"['15', '30']",18.75
上海提捺信息科技有限公司,上海提捺信息科技有限公司,500-2000人,不需要融资,南山区,PHP开发工程师,3-5年,不限,20k-25k,"弹性工作,提供住宿","['3', '5']",4.0,"['20', '25']",21.25
深圳市彭珠贸易有限公司,彭珠贸易,500-2000人,不需要融资,福田区,PHP工程师,3-5年,大专,10k-18k,"海外机会,薪酬福利优,13薪,领导好","['3', '5']",4.0,"['10', '18']",12.0
深圳市思为软件技术有限公司,思为软件,150-500人,A轮,南山区,PHP开发工程师,3-5年,大专,10k-15k,"五险一金,年终奖,带薪年假,节日福利","['3', '5']",4.0,"['10', '15']",11.25
安徽立品网络科技有限公司,大金科技,150-500人,不需要融资,罗湖区,PHP工程师,3-5年,大专,13k-26k,"年终奖金,年假30天,提供食宿,机票报销","['3', '5']",4.0,"['13', '26']",16.25
深圳市博悦科创科技有限公司,博悦科创,500-2000人,不需要融资,南山区,PHP开发工程师,1-3年,大专,10k-16k,"前景好,福利好,五险一金","['1', '3']",2.0,"['10', '16']",11.5
深圳小黑板信息科技有限公司,小黑板科技,15-50人,天使轮,南山区,PHP开发工程师,1-3年,大专,7k-12k,"年底双薪,五险一金,团建活动,可以吸猫","['1', '3']",2.0,"['7', '12']",8.25
深圳市前海巨果教育科技有限公司,巨果教育科技,15-50人,不需要融资,宝安区,PHP开发工程师,3-5年,本科,8k-16k,"前景光明,赚钱多,移动端开发","['3', '5']",4.0,"['8', '16']",10.0
深圳市亚飞电子商务有限公司,亚飞电子,500-2000人,未融资,龙岗区,初级PHP工程师,1年以下,大专,5k-10k,"五险一金,年终奖,职位晋升,技能提升",['1'],1.0,"['5', '10']",6.25
深圳柚子街科技有限公司,柚子街,15-50人,A轮,南山区,PHP工程师,1-3年,大专,10k-16k,"业界前沿,环境宽松,业绩激励,弹性工作","['1', '3']",2.0,"['10', '16']",11.5
深圳宏智邦建工程技术有限公司,宏智邦建,15-50人,未融资,南山区,PHP开发工程师,3-5年,大专,8k-10k,PHP,"['3', '5']",4.0,"['8', '10']",8.5
深圳道一影业集团有限公司,道一影业,15-50人,未融资,福田区,php开发工程师,3-5年,本科,5K-6K,影视传媒，深圳市政府重点文化企业,"['3', '5']",4.0,"['5', '6']",5.25
深圳回收宝科技有限公司,回收宝,150-500人,B轮,南山区,PHP开发工程师,3-5年,本科,15k-30k,"大牛云集,领导奈斯,氛围轻松","['3', '5']",4.0,"['15', '30']",18.75
深圳传音控股股份有限公司,传音控股,2000人以上,不需要融资,南山区,PHP开发工程师,1-3年,大专,10k-15k,"领导大牛,扁平管理,餐饮补助,年度旅游","['1', '3']",2.0,"['10', '15']",11.25
深圳前海富盈金融服务有限公司,前海富盈金融,500-2000人,不需要融资,,php,3-5年,本科,15K-25K,薪资面谈,"['3', '5']",4.0,"['15', '25']",17.5
安徽立品网络科技有限公司,大金科技,150-500人,不需要融资,罗湖区,PHP工程师,3-5年,大专,12k-24k,"年终奖金,年假30天,提供食宿,机票报销","['3', '5']",4.0,"['12', '24']",15.0
上海提捺信息科技有限公司,上海提捺信息科技有限公司,500-2000人,不需要融资,宝安区,PHP开发工程师,3-5年,大专,15k-25k,"出国机会,带薪年假,餐房补贴,年终奖金","['3', '5']",4.0,"['15', '25']",17.5
丹尼尔惠灵顿贸易（深圳）有限公司,丹尼尔惠灵顿,150-500人,不需要融资,南山区,PHP Developer PHP开发工程师,1-3年,不限,8k-15k,"PHP,国际品牌,良好氛围,带薪年假","['1', '3']",2.0,"['8', '15']",9.75
深圳市咫尺网络科技开发有限公司,咫尺网络,150-500人,A轮,南山区,PHP工程师,1年以下,本科,8k-12k,"九点半上班,每天下午茶,双休,六险一金",['1'],1.0,"['8', '12']",9.0
深圳市博顺网络科技有限公司,博顺网络,15-50人,不需要融资,南山区,高级php开发工程师,3-5年,大专,15k-22k,"双休,餐补交通补,饮料水果,年终奖","['3', '5']",4.0,"['15', '22']",16.75
Appeon Software,Appeon,50-150人,未融资,南山区,PHP开发工程师,3-5年,大专,9k-16k,下午茶，年终奖，弹性工作时,"['3', '5']",4.0,"['9', '16']",10.75
深圳市驰骋网络技术有限公司,驰骋网络,15-50人,不需要融资,龙岗区,PHP程序员,1-3年,大专,5k-10k,"年度奖金,过节福利,项目分红","['1', '3']",2.0,"['5', '10']",6.25
深圳市前海果树互联网金融服务有限公司,果树财富,500-2000人,B轮,南山区,PHP开发工程师,1-3年,大专,10k-15k,"团队氛围好,地铁口办公","['1', '3']",2.0,"['10', '15']",11.25
深圳布谷鸟信息科技有限公司,布谷鸟科技,500-2000人,不需要融资,南山区,高级PHP开发工程师,5-10年,大专,15k-25k,"环境好,薪资待遇好,节日 福利","['5', '10']",7.5,"['15', '25']",17.5
深圳新链科技企业（有限合伙）,深圳新链科技企业（有限合伙）,50-150人,未融资,南山区,PHP研发工程师,3-5年,本科,15k-20k,"五险一金,下午茶,团队出游,技术大神","['3', '5']",4.0,"['15', '20']",16.25
茂业数智联合信息技术（深圳）有限公司,茂业数字,50-150人,未融资,罗湖区,PHP开发工程师,5-10年,大专,13k-25k,"五险一金,项目奖金,加班补助,弹性上班","['5', '10']",7.5,"['13', '25']",16.0
深圳星美联合通讯有限公司,星美集团,2000人以上,上市公司,福田区,PHP开发工程师,1-3年,大专,10k-15k,"大平台,上市公司,团队活跃","['1', '3']",2.0,"['10', '15']",11.25
深圳市阿普匠科技有限公司,阿普匠科技,少于15人,未融资,龙岗区,PHP开发,3-5年,大专,12K-15K,"环境好,奖金多,轻松惬意,机会多","['3', '5']",4.0,"['12', '15']",12.75
深圳市创果科技有限公司,创果科技,15-50人,未融资,福田区,PHP开发工程师,1-3年,大专,7k-10k,"新媒体,氛围好,环境棒","['1', '3']",2.0,"['7', '10']",7.75
深圳卷皮网络科技有限公司,卷皮,500-2000人,C轮,南山区,高级PHP开发工程师,5-10年,本科,18k-35k,"六险一金,带薪年假,浮动奖金,零食供应","['5', '10']",7.5,"['18', '35']",22.25
深圳声牙科技有限公司,声牙科技,50-150人,A轮,南山区,PHP开发工程师,1-3年,本科,10k-15k,"成长速度快,团队氛围好,产品前景好,福利多多","['1', '3']",2.0,"['10', '15']",11.25
深圳市网渡科技有限公司,网渡科技,15-50人,不需要融资,南山区,php开发工程师,3-5年,本科,10k-20k,五险一档，双休，聚餐,"['3', '5']",4.0,"['10', '20']",12.5
深圳市鑫远东虎信网络科技有限公司,鑫远东,50-150人,未融资,光明新区,PHP开发工程师,1-3年,本科,5k-8k,"带薪年假,五险一金,生日礼物,扁平管理","['1', '3']",2.0,"['5', '8']",5.75
深圳市铱}医疗科技有限公司,脑医生,15-50人,A轮,罗湖区,PHP工程师,3-5年,本科,8k-16k,"云平台,PHP前端,数据库","['3', '5']",4.0,"['8', '16']",10.0
深圳希玛林顺潮眼科医院有限公司,深圳希玛林顺潮眼科医院,150-500人,未融资,福田区,PHP程序开发,1-3年,大专,6k-10k,"五险一金,周末双休,高温补贴,提供食宿","['1', '3']",2.0,"['6', '10']",7.0
深圳壹麦相承技术有限公司,壹麦相承,少于15人,天使轮,龙华新区,PHP程序开发,1-3年,本科,8k-12k,"行业前景好,团队氛围好,五险一金,员工福利","['1', '3']",2.0,"['8', '12']",9.0
深圳爱玩网络科技股份有限公司,爱玩网络,150-500人,上市公司,南山区,PHP开发工程师,1-3年,大专,10k-15k,"五险一金,员工旅游,节日福利,年终分红","['1', '3']",2.0,"['10', '15']",11.25
深圳市东方博雅科技有限公司,博雅互动,500-2000人,上市公司,南山区,助理PHP开发工程师,1-3年,本科,8k-12k,"上市公司,六险一金,免费班车,餐补","['1', '3']",2.0,"['8', '12']",9.0
深圳市亿天联科技有限公司,亿天联科技有限公司,50-150人,不需要融资,龙岗区,PHP工程师,3-5年,大专,10k-16k,"五险一金,带薪年假,生日会,下午茶","['3', '5']",4.0,"['10', '16']",11.5
安徽立品网络科技有限公司,大金科技,150-500人,不需要融资,龙岗区,PHP（马尼拉）,3-5年,本科,15k-30k,"年终三十天,提供食宿,海外经历,年终奖金","['3', '5']",4.0,"['15', '30']",18.75
深圳可链科技有限公司,可链科技,50-150人,A轮,南山区,PHP研发工程师,3-5年,本科,12k-22k,"五险一金,技术大牛,团建出游,下午茶零食","['3', '5']",4.0,"['12', '22']",14.5
深圳车盒子科技有限公司,深圳车盒子科技有限公司,15-50人,不需要融资,南山区,PHP开发工程师,1-3年,本科,8k-10k,"五险一金,带薪年假,年底双薪,节日福利","['1', '3']",2.0,"['8', '10']",8.5
深圳市环球易购电子商务有限公司,环球易购,2000人以上,上市公司,南山区,PHP开发工程师,不限,大专,20k-40k,PHP,[],0.0,"['20', '40']",25.0
亿达信息技术（深圳）有限公司,YIDATEC,2000人以上,不需要融资,南山区,PHP开发,1-3年,大专,10k-12k,"六险一金,周末双休,免费班车,免费早餐","['1', '3']",2.0,"['10', '12']",10.5
深圳市万事富科技有限公司,找靓机网,150-500人,B轮,福田区,高级php开发工程师,5-10年,大专,25k-40k,"优秀团队,平台大","['5', '10']",7.5,"['25', '40']",28.75
F克科技有限公司,夸克链,150-500人,天使轮,南山区,PHP开发工程师,3-5年,本科,15k-25k,"高薪,福利优越,奖金丰厚,国际团队","['3', '5']",4.0,"['15', '25']",17.5
深圳市爱乐墨科技有限公司,乐墨科技,少于15人,不需要融资,南山区,PHP工程师,3-5年,本科,10K-20K,"全新平台,行业领先","['3', '5']",4.0,"['10', '20']",12.5
深圳点通宝科技有限公司,点通宝,500-2000人,不需要融资,龙华新区,PHP开发工程师,3-5年,本科,6k-10k,"PHP,开发工程师","['3', '5']",4.0,"['6', '10']",7.0
深圳前海永利隆众贷金融服务股份有限公司,永利隆,15-50人,天使轮,福田区,php开发工程师,1-3年,大专,8k-12k,国家规定节假日、朝九晚六、周末双休,"['1', '3']",2.0,"['8', '12']",9.0
深圳市博悦科创科技有限公司,博悦科创,500-2000人,不需要融资,南山区,PHP开发,3-5年,大专,10k-15k,"五险一金,旅游,体检,年终奖","['3', '5']",4.0,"['10', '15']",11.25
上海提捺信息科技有限公司,上海提捺信息科技有限公司,500-2000人,不需要融资,宝安区,PHP开发工程师,3-5年,大专,15k-25k,"带薪年假,餐房补贴,年终奖励,出国机会","['3', '5']",4.0,"['15', '25']",17.5
深圳市财富万方信息技术有限公司,财富万方,15-50人,不需要融资,福田区,PHP,1-3年,本科,7k-14k,成长速度超快,"['1', '3']",2.0,"['7', '14']",8.75
深圳市五谷网络科技有限公司,大丰收DFS168.com,150-500人,C轮,南山区,高级PHP,3-5年,本科,10k-20k,"薪资福利高,氛围好","['3', '5']",4.0,"['10', '20']",12.5
北京联龙博通电子商务技术有限公司,联龙博通,2000人以上,D轮及以上,福田区,PHP开发工程师,3-5年,本科,10k-15k,"五险一金,年终奖,餐补,加班补贴","['3', '5']",4.0,"['10', '15']",11.25
深圳市百米生活股份有限公司,百米生活,150-500人,B轮,龙华新区,PHP开发工程师,3-5年,大专,10k-18k,"完善福利,带薪年假,五险一金,周末双休","['3', '5']",4.0,"['10', '18']",12.0
深圳市银河表计股份有限公司,银河表计,150-500人,不需要融资,南山区,PHP开发工程师,1-3年,本科,8k-13k,"工作挑战性,发展空间大,调薪机会多,年终奖丰厚","['1', '3']",2.0,"['8', '13']",9.25
上运车物联网科技（深圳）有限公司,上运车,少于15人,天使轮,南山区,PHP开发工程师,1-3年,大专,10k-20k,"股票期权,年终分红,弹性工作时,技术氛围浓","['1', '3']",2.0,"['10', '20']",12.5
深圳市城o科技发展有限公司,城o科技,少于15人,不需要融资,龙岗区,PHP开发工程师,1-3年,不限,10k-12k,"五险一金,双休,技术氛围,制度严格","['1', '3']",2.0,"['10', '12']",10.5
深圳市时代万网科技有限公司,时代万网,15-50人,不需要融资,龙华新区,PHP工程师,1-3年,大专,8k-15k,"环境好,待遇好","['1', '3']",2.0,"['8', '15']",9.75
维拓客科技（深圳）有限公司,维拓客科技（深圳）有限公司,50-150人,未融资,南山区,PHP开发工程师,1-3年,本科,8k-15k,"周末双休,五险一金,绩效奖金,定期体检","['1', '3']",2.0,"['8', '15']",9.75
深圳市五谷网络科技有限公司,大丰收DFS168.com,150-500人,C轮,南山区,高级PHP工程师,3-5年,本科,10k-20k,氛围愉悦，发展空间大，国家政策支持,"['3', '5']",4.0,"['10', '20']",12.5
云易恒基科技（深圳）有限公司,云易恒基,150-500人,不需要融资,南山区,PHP开发（易直帮）,3-5年,大专,14k-20k,周末双休,"['3', '5']",4.0,"['14', '20']",15.5
深圳市中科新业信息科技发展有限公司,中科新业,50-150人,未融资,南山区,PHP软件工程师,3-5年,本科,10k-20k,项目奖金 周末双休,"['3', '5']",4.0,"['10', '20']",12.5
深圳市明源云采购电子商务有限公司,明源云链,2000人以上,上市公司,南山区,PHP开发工程师,3-5年,大专,12k-22k,"牛人多,成长快,六险一金,弹性上班","['3', '5']",4.0,"['12', '22']",14.5
深圳市聚店无忧网络科技有限公司,聚店,50-150人,未融资,福田区,PHP开发工程师,1-3年,不限,8k-12k,"地铁口,待遇好,不加班,美女多","['1', '3']",2.0,"['8', '12']",9.0
深圳凯撒网络科技有限公司,凯撒文化,500-2000人,上市公司,南山区,高级PHP开发工程师,5-10年,本科,15k-30k,"上市公司,发展潜力大,领导好,公司氛围好","['5', '10']",7.5,"['15', '30']",18.75
万兴科技股份有限公司,万兴科技股份有限公司,150-500人,上市公司,南山区,高级PHP开发工程师,3-5年,本科,15k-30k,"平台大,待遇优,机会多","['3', '5']",4.0,"['15', '30']",18.75
深圳市迷你玩科技有限公司,迷你玩,50-150人,B轮,南山区,PHP开发工程师,3-5年,大专,15k-30k,"领导好,氛围好,平台好,下午茶","['3', '5']",4.0,"['15', '30']",18.75
深圳市凯迪克文化传播有限公司,孩宝小镇,150-500人,不需要融资,宝安区,PHP开发工程师,3-5年,大专,10k-15k,"五险一金,年终奖金,年度旅游,绩效奖金","['3', '5']",4.0,"['10', '15']",11.25
深圳依时货拉拉科技有限公司,货拉拉手机打车软件,2000人以上,C轮,福田区,PHP工程师,3-5年,本科,13k-26k,"年终奖,每天下午茶,弹性工作制,旅游","['3', '5']",4.0,"['13', '26']",16.25
深圳市俊高科技有限公司,俊高科技,15-50人,未融资,龙华新区,PHP研发工程师,1-3年,本科,8k-10k,"一天7小时,双休,创业股份,学习机会","['1', '3']",2.0,"['8', '10']",8.5
深圳市三只小熊科技有限公司,未来游戏,150-500人,不需要融资,南山区,PHP开发工程师,3-5年,本科,10k-20k,"技术氛围,项目奖金,年底分红,弹性时间","['3', '5']",4.0,"['10', '20']",12.5
深圳市中联保商业软件有限公司,中联保,15-50人,未融资,南山区,PHP,1-3年,大专,9k-15k,周末双休、弹性工作制、年底双薪、绩效奖金,"['1', '3']",2.0,"['9', '15']",10.5
深圳智享互联科技有限公司,Smarter,15-50人,A轮,南山区,PHP工程师,1-3年,本科,8K-10K,"带薪年假,餐房补贴,年终奖励,出国旅游","['1', '3']",2.0,"['8', '10']",8.5
深圳翎云思创网络科技有限公司,深圳翎云思创网络科技有限公司,15-50人,未融资,龙华新区,PHP工程师,1-3年,本科,10k-20k,发展前景大,"['1', '3']",2.0,"['10', '20']",12.5
深圳市明源云采购电子商务有限公司,明源云链,2000人以上,上市公司,南山区,PHP高级开发工程师,3-5年,本科,16k-22k,"技术导向,牛人多,氛围赞,扁平管理","['3', '5']",4.0,"['16', '22']",17.5
深圳市亚来网络技术有限公司,亚来,15-50人,A轮,南山区,PHP开发工程师,1-3年,本科,10k-15k,"领导耐撕,双休,气氛融洽,晋升空间大","['1', '3']",2.0,"['10', '15']",11.25
深圳市恒泰德电子商务有限公司,恒泰德,150-500人,未融资,南山区,PHP程序员、PHP开发工程师,5-10年,大专,8k-15k,"环境好,福利待遇好,节假日福利","['5', '10']",7.5,"['8', '15']",9.75
深圳市辣妈帮科技有限公司,辣妈帮,500-2000人,D轮及以上,南山区,高级PHP开发工程师,5-10年,本科,16k-22k,"成长快速,晋升快,花式福利,年底双薪","['5', '10']",7.5,"['16', '22']",17.5
深圳搜机网科技有限公司,深圳搜机网科技有限公司,50-150人,未融资,宝安区,PHP工程师,3-5年,本科,10k-13k,"股权激励,户外活动,五险一金,下午茶","['3', '5']",4.0,"['10', '13']",10.75
深圳前海优财网络科技有限公司,优财科技,15-50人,未融资,福田区,PHP开发工程师,3-5年,大专,10k-15k,"五险一金,带薪年假,双休福利好,发展空间大","['3', '5']",4.0,"['10', '15']",11.25
安徽立品网络科技有限公司,大金科技,150-500人,不需要融资,光明新区,PHP工程师（马尼拉）,3-5年,大专,15k-30k,"年终奖金,报销机票,提供食宿,海外工作","['3', '5']",4.0,"['15', '30']",18.75
深圳市公狼网络科技有限公司,公狼网络,500-2000人,未融资,龙岗区,PHP高级工程师,3-5年,本科,15k-20k,"包住宿,餐补,五险一金,年底双薪","['3', '5']",4.0,"['15', '20']",16.25
深圳找份工作科技有限公司,白熊事务所,15-50人,天使轮,南山区,资深PHP工程师,3-5年,不限,18k-25k,"平台大,零食水果,不打卡","['3', '5']",4.0,"['18', '25']",19.75
深圳市广仁德科技有限公司,广仁德,50-150人,不需要融资,宝安区,PHP开发工程师,不限,大专,6k-8k,"五险一金,年终奖金,团队活跃,员工旅游",[],0.0,"['6', '8']",6.5
242320292721 2029282226252324 2320232429 22212224232425222120,天旭国际,15-50人,不需要融资,南山区,PHP开发工程师（泰国）,3-5年,大专,15k-30k,"薪酬福利好,公司气氛好,长假多,工作兼旅游","['3', '5']",4.0,"['15', '30']",18.75
深圳市华驰信息技术有限公司,华驰信息,50-150人,未融资,龙华新区,PHP开发（中级）,1-3年,大专,15k-18k,"奖金丰厚,五险一金,扁平化管理,提供食宿","['1', '3']",2.0,"['15', '18']",15.75
深圳市易佰网络科技有限公司,易佰网络科技,500-2000人,B轮,龙华新区,高级PHP开发工程师,3-5年,大专,12k-24k,"ERP开发,程序员,PHP,免费班车","['3', '5']",4.0,"['12', '24']",15.0
爱享叁陆伍网络技术有限公司,爱享365,50-150人,不需要融资,南山区,php开发工程师,5-10年,本科,15k-25k,"互联网,电商,大平台,美女多","['5', '10']",7.5,"['15', '25']",17.5
深圳市百思易科技有限公司,百思易,少于15人,天使轮,南山区,PHP开发,1-3年,大专,10K-15K,"五险一金,带薪休假汽车行业管理系统","['1', '3']",2.0,"['10', '15']",11.25
安徽立品网络科技有限公司,大金科技,150-500人,不需要融资,光明新区,PHP（马尼拉）,3-5年,大专,15k-30k,"十三薪,年假三十天,提供食宿,海外经历","['3', '5']",4.0,"['15', '30']",18.75
深圳市明源云采购电子商务有限公司,明源云链,2000人以上,上市公司,南山区,PHP高级开发工程师,5-10年,大专,15k-25k,"牛人多,成长快,六险一金,弹性上班","['5', '10']",7.5,"['15', '25']",17.5
深圳市德博思信息技术有限公司,德博思,15-50人,未融资,南山区,PHP开发工程师,1-3年,大专,6k-10k,"升职加薪,学习成长,开心工作,和谐发展","['1', '3']",2.0,"['6', '10']",7.0
深圳市利朗达科技有限公司,利朗达,500-2000人,B轮,龙华新区,PHP工程师,1-3年,不限,12k-18k,"年终奖金,优惠用餐,全勤工龄奖","['1', '3']",2.0,"['12', '18']",13.5
海南高灯科技有限公司,高灯科技,150-500人,不需要融资,南山区,高级PHP开发工程师,3-5年,本科,18k-35k,"腾讯团队,含金量高,双休,地铁口","['3', '5']",4.0,"['18', '35']",22.25
深圳市电陶思创科技有限公司,深智云,50-150人,A轮,宝安区,中级php开发工程师,1-3年,本科,8k-15k,"大牛多,前景好,氛围棒,模式清晰","['1', '3']",2.0,"['8', '15']",9.75
深圳市铭汇网商贸有限公司,铭汇网商贸,15-50人,未融资,罗湖区,php工程师,1-3年,大专,5k-8k,"有责任,下午茶","['1', '3']",2.0,"['5', '8']",5.75
深圳兰帕德策划设计有限公司,兰帕德设计机构,50-150人,不需要融资,南山区,PHP开发工程师,3-5年,大专,7k-14k,五险一金,"['3', '5']",4.0,"['7', '14']",8.75
深圳潮温互联网技术有限公司,潮温科技,50-150人,不需要融资,福田区,PHP开发工程师,3-5年,大专,10k-20k,"五险一金,周末双休,包住宿,年终分红","['3', '5']",4.0,"['10', '20']",12.5
深圳十分到家服务科技有限公司,十分到家,500-2000人,A轮,南山区,PHP工程师,3-5年,本科,12k-20k,"大平台,氛围好,晋升空间","['3', '5']",4.0,"['12', '20']",14.0
深圳市洛克婚戒网络科技有限公司,LOCK LOVE,50-150人,不需要融资,罗湖区,PHP开发经理,3-5年,本科,15k-20k,管理权限,"['3', '5']",4.0,"['15', '20']",16.25
深圳市美美天成科技有限公司,美美天成,15-50人,不需要融资,福田区,PHP开发工程师,1-3年,本科,6k-10k,"包住,民主氛围,吃货福利,5A写字楼","['1', '3']",2.0,"['6', '10']",7.0
深圳市三牛目萍加邢薰司,三牛目萍,15-50人,A轮,南山区,PHP开发工程师,3-5年,本科,10k-15k,岗位晋升 绩效奖金 只要你牛薪资可面谈,"['3', '5']",4.0,"['10', '15']",11.25
风变科技（深圳）有限公司,熊猫书院,50-150人,A轮,南山区,PHP开发工程师,3-5年,本科,18k-30k,"技术氛围浓,优雅代码,注重体验,行业风口","['3', '5']",4.0,"['18', '30']",21.0
上海酷萌网络科技有限公司,酷萌网络（LNI技术有限公司）,500-2000人,不需要融资,南山区,Php开发工程师（海外）,3-5年,大专,20k-30k,"税后工资,海外经历,包吃住,跨国集团","['3', '5']",4.0,"['20', '30']",22.5
安徽立品网络科技有限公司,大金科技,150-500人,不需要融资,坪山新区,PHP（马尼拉）,3-5年,大专,15k-30k,"年终奖金,海外经历,年假三十天,提供食宿","['3', '5']",4.0,"['15', '30']",18.75
深圳市驱动人生科技股份有限公司,驱动人生,50-150人,上市公司,南山区,php工程师,3-5年,大专,9k-12k,"行业标杆,平台稳定,发展前景好,晋升空间大","['3', '5']",4.0,"['9', '12']",9.75
深圳易找房信息技术有限公司,易找房,少于15人,天使轮,南山区,PHP工程师,3-5年,本科,5K-10K,"合伙人计划,股权激励,年度分红,五险一金","['3', '5']",4.0,"['5', '10']",6.25
深圳胜军科技有限公司,胜军,少于15人,不需要融资,南山区,php开发工程师,3-5年,大专,10K-20K,带薪年假 年底双薪 五险一金 全勤奖,"['3', '5']",4.0,"['10', '20']",12.5
深圳华强聚丰电子科技有限公司,华强聚丰电子,150-500人,A轮,福田区,PHP工程师/PHP架构师,1-3年,大专,10k-15k,平台,"['1', '3']",2.0,"['10', '15']",11.25
深圳前海未来动力网络科技有限公司,前海未来动力,50-150人,不需要融资,南山区,php开发工程师,1-3年,本科,10K-15K,"五险一金,加班补贴,职业晋升","['1', '3']",2.0,"['10', '15']",11.25
深圳一站车信息科技有限公司,一站车,少于15人,未融资,南山区,PHP 工程师,1-3年,大专,6k-12k,"自主开发,福利好,工作轻松,年轻团队","['1', '3']",2.0,"['6', '12']",7.5
深圳超值保科技有限公司,超值保,15-50人,不需要融资,南山区,PHP开发工程师,3-5年,本科,13k-25k,"双休,年终奖,福利","['3', '5']",4.0,"['13', '25']",16.0
深圳市智淘网络有限公司,智淘,15-50人,不需要融资,南山区,PHP开发工程师,3-5年,本科,13k-26k,氛围好+晋升空间大,"['3', '5']",4.0,"['13', '26']",16.25
深圳前海洋仆淘电子商务有限公司,YoungPort,50-150人,未融资,宝安区,PHP工程师,3-5年,本科,10k-13k,"五险一金,户外活动,股权激励,下午茶","['3', '5']",4.0,"['10', '13']",10.75
深圳市新星河网络技术开发有限公司,新星河网络科技公司,15-50人,未融资,罗湖区,PHP开发工程师,3-5年,本科,15k-20k,"高薪诚聘,五险一金,分红奖金,带薪旅游","['3', '5']",4.0,"['15', '20']",16.25
深圳市衣锦未来科技有限公司,衣锦未来,15-50人,未融资,福田区,PHP开发工程师,1-3年,本科,8k-15k,"弹性上班,年轻团队,时尚行业","['1', '3']",2.0,"['8', '15']",9.75
深圳大开信息咨询服务有限公司,大开信息,50-150人,未融资,龙华新区,PHP开发工程师,1-3年,大专,6k-9k,"周末双休,五险一金","['1', '3']",2.0,"['6', '9']",6.75
深圳市合易网络技术有限公司,合易网络,150-500人,A轮,南山区,PHP应届生,应届毕业生,大专,4k-6k,"上班自由,学习机会多",[],0.0,"['4', '6']",4.5
广东飞亚通信股份有限公司,飞亚股份,15-50人,未融资,宝安区,php开发工程师,1-3年,大专,8k-13k,PHP,"['1', '3']",2.0,"['8', '13']",9.25
深圳市久顺源科技有限公司,深圳市久顺源科技有限公司,15-50人,不需要融资,龙岗区,PHP开发工程师,3-5年,大专,8k-15k,"五险一金,带薪年假,节日福利,公司旅游","['3', '5']",4.0,"['8', '15']",9.75
深圳市重拾科技有限公司,枫帝科技公司,15-50人,未融资,宝安区,诚招有经验的PHP,3-5年,本科,10k-15k,"五险一金,绩效奖金,带薪年假,节日福利","['3', '5']",4.0,"['10', '15']",11.25
深圳星融信息科技有限公司,星融科技,15-50人,天使轮,福田区,PHP开发工程师,1-3年,本科,8k-15k,"成长快,福利优厚","['1', '3']",2.0,"['8', '15']",9.75
深圳智通财经信息科技服务有限公司,智通财经,50-150人,A轮,福田区,php开发工程师,3-5年,大专,12k-18k,升职空间大,"['3', '5']",4.0,"['12', '18']",13.5
深圳可点科技有限公司,sosobtc,50-150人,A轮,南山区,PHP研发工程师,5-10年,本科,15k-25k,"牛人交流,大小周,五险一金,带薪年假","['5', '10']",7.5,"['15', '25']",17.5
深圳门道网络科技有限公司,门道,15-50人,不需要融资,南山区,php开发工程师,3-5年,本科,10k-20k,开发元老,"['3', '5']",4.0,"['10', '20']",12.5
深圳市览网科技有限公司,览网,15-50人,天使轮,南山区,PHP开发工程师,3-5年,大专,13k-20k,股权,"['3', '5']",4.0,"['13', '20']",14.75
深圳市微开互联科技有限公司,微开,50-150人,A轮,龙岗区,PHP开发工程师,1-3年,大专,6k-10k,PHP,"['1', '3']",2.0,"['6', '10']",7.0
坤金聚宝（深圳）电子商务有限公司,坤金聚宝,150-500人,不需要融资,罗湖区,PHP工程师,3-5年,本科,15k-30k,"周末双休,专业培训,节日福利,带薪年假","['3', '5']",4.0,"['15', '30']",18.75
深圳市比粉科技有限公司,深圳市比粉科技有限公司,15-50人,不需要融资,龙岗区,PHP开发工程师,1-3年,大专,4k-6k,"五险一金,扁平管理,吃香喝辣,领导人好","['1', '3']",2.0,"['4', '6']",4.5
深圳二八云电子商务有限公司,28云,15-50人,A轮,宝安区,PHP开发工程师,1-3年,本科,8k-13k,公司气氛好，发展空间大，六险一金,"['1', '3']",2.0,"['8', '13']",9.25
深圳市九洲电器有限公司,深圳市九洲电器有限公司,150-500人,上市公司,南山区,高级PHP工程师,3-5年,本科,10k-20k,"双休,五险一金,电商","['3', '5']",4.0,"['10', '20']",12.5
深圳市明源云采购电子商务有限公司,明源云链,2000人以上,上市公司,南山区,技术合伙人(PHP),5-10年,本科,18k-30k,"牛人多,氛围赞","['5', '10']",7.5,"['18', '30']",21.0
深圳市麦谷科技有限公司,深圳市麦谷科技有限公司,50-150人,A轮,南山区,PHP高级开发工程师,5-10年,本科,15k-25k,"季度奖金,13薪","['5', '10']",7.5,"['15', '25']",17.5
深圳市中企工联保家电服务有限公司,中国联保,150-500人,A轮,龙岗区,PHP工程师,3-5年,大专,8k-15k,"周末双休,核心岗位","['3', '5']",4.0,"['8', '15']",9.75
深圳市明源云客电子商务有限公司,明源云,2000人以上,上市公司,南山区,PHP高级开发工程师,3-5年,本科,15k-25k,"精英团队,技术驱动,极客氛围,行业独角兽","['3', '5']",4.0,"['15', '25']",17.5
深圳市美蜜网络科技有限公司,美蜜动网,15-50人,天使轮,福田区,php开发工程师,1年以下,本科,8k-16k,"双休,弹性,美女,期权",['1'],1.0,"['8', '16']",10.0
深圳市前海汇流信息科技有限公司,前海汇流,50-150人,A轮,南山区,PHP,1-3年,本科,10k-20k,"高薪假多,土豪奖金,周末双休,帅哥美女多","['1', '3']",2.0,"['10', '20']",12.5
深圳小多科技有限公司,小多游戏,15-50人,未融资,南山区,PHP工程师,不限,大专,10k-15k,团队氛围好,[],0.0,"['10', '15']",11.25
深圳市前海富甲金融信息有限公司,富甲金融,50-150人,A轮,南山区,PHP,1-3年,本科,8k-16k,待遇好、氛围很赞，公司前景非常不错,"['1', '3']",2.0,"['8', '16']",10.0
深圳市龙火科技有限公司,龙火科技,50-150人,未融资,宝安区,PHP开发工程师,1-3年,大专,8k-15k,"五险一金,双休,项目奖金,事少","['1', '3']",2.0,"['8', '15']",9.75
深圳报业集团电子商务有限公司,深圳报业电商,150-500人,未融资,福田区,PHP开发工程师,3-5年,本科,6k-10k,良好发展前景,"['3', '5']",4.0,"['6', '10']",7.0
深圳市三只小熊科技有限公司,未来游戏,150-500人,不需要融资,南山区,高级PHP开发工程师,5-10年,本科,15k-30k,"年底分红,项目奖金,年度旅游,年度体检","['5', '10']",7.5,"['15', '30']",18.75
深圳市电陶思创科技有限公司,深智云,50-150人,A轮,宝安区,高级PHP开发工程师,3-5年,本科,15k-20k,"大牛多,技术氛围好,项目前景广,老板重视","['3', '5']",4.0,"['15', '20']",16.25
深圳市奥讯互娱科技有限公司,奥讯互娱,15-50人,不需要融资,南山区,PHP开发工程师,3-5年,大专,10k-15k,后端,"['3', '5']",4.0,"['10', '15']",11.25
深圳市酷鱼互动科技有限公司,酷鱼互动,15-50人,未融资,龙岗区,php开发工程师,1-3年,本科,10k-15k,"创新型企业,年轻团队,互联网行业,前景好","['1', '3']",2.0,"['10', '15']",11.25
马蹄（深圳）科技有限公司,马蹄室内设计网,50-150人,未融资,福田区,PHP程序员,1-3年,大专,8K-12K,广阔发展平台，社保，双休，加班餐等,"['1', '3']",2.0,"['8', '12']",9.0
深圳市圣火传媒有限公司,圣火传媒,50-150人,未融资,南山区,PHP开发工程师,1-3年,大专,8k-15k,"自有项目,晋升空间大,双休节假日","['1', '3']",2.0,"['8', '15']",9.75
深圳市蓝思网络技术有限公司,蓝思网络,500-2000人,不需要融资,龙岗区,PHP开发工程师,3-5年,大专,8k-15k,"企业实力强,行业前景好,职业发展好,领导好","['3', '5']",4.0,"['8', '15']",9.75
深圳市长鑫盛通科技有限公司,长鑫盛通,15-50人,未融资,福田区,PHP中级程序员,1-3年,大专,6k-9k,高薪资，广阔的晋升空间,"['1', '3']",2.0,"['6', '9']",6.75
深圳市明源云客电子商务有限公司,明源云,2000人以上,上市公司,南山区,高级PHP开发工程师,3-5年,本科,15k-25k,"团队大牛多,专业培训,工作氛围好,福利待","['3', '5']",4.0,"['15', '25']",17.5
深圳市艺界都市网络科技有限公司,艺界都市网络有限公司,15-50人,未融资,宝安区,PHP程序员,1-3年,大专,6k-10k,可以获得公司股权，项目奖金，五险一金,"['1', '3']",2.0,"['6', '10']",7.0
深圳市麦谷科技有限公司,深圳市麦谷科技有限公司,50-150人,A轮,南山区,PHP开发工程师,3-5年,本科,10k-15k,季度奖金,"['3', '5']",4.0,"['10', '15']",11.25
深圳市彭珠贸易有限公司,彭珠贸易,500-2000人,不需要融资,宝安区,PHP工程师-工作地点：泰国曼谷,3-5年,大专,14k-20k,"税后13薪,绩效奖金,双休,出国","['3', '5']",4.0,"['14', '20']",15.5
深圳市打打族网络科技有限公司,打打族,少于15人,不需要融资,福田区,PHP程序员,1-3年,不限,8k-10k,"年轻团队,自由互助,氛围好,五险一金","['1', '3']",2.0,"['8', '10']",8.5
深圳瓶子科技有限公司,瓶子科技,50-150人,不需要融资,,php,3-5年,本科,15K-25K,福利好、待遇优,"['3', '5']",4.0,"['15', '25']",17.5
深圳华人网络科技有限公司,华人网络,50-150人,未融资,龙岗区,PHP,1-3年,大专,10k-15k,五天八小时、高薪聘请、弹性工作、购买社保,"['1', '3']",2.0,"['10', '15']",11.25
深圳市田丁互联网科技有限公司,田丁科技,50-150人,不需要融资,南山区,PHP开发工程师（中高级）,3-5年,本科,13k-18k,"大平台,集团公司,社区O2O","['3', '5']",4.0,"['13', '18']",14.25
深圳共筑网络科技有限公司,共筑网科,15-50人,A轮,南山区,PHP开发工程师,1-3年,本科,8k-12k,"固定双休,五险一金,扁平化管理,年终奖金","['1', '3']",2.0,"['8', '12']",9.0
深圳市诚全科技有限公司,诚全科技,15-50人,C轮,罗湖区,PHP开发工程师,1-3年,不限,6K-12K,"周末单休,工作8小时，包住。","['1', '3']",2.0,"['6', '12']",7.5
武汉市哈哈便利科技有限公司,哈哈零兽,50-150人,A轮,南山区,高级PHP软件开发工程师,3-5年,大专,20k-30k,"新零售,晋升空间大,BAT团队,人工智能","['3', '5']",4.0,"['20', '30']",22.5
深圳市买买提信息科技有限公司,买买提信息科技,150-500人,不需要融资,福田区,PHP开发工程师,3-5年,大专,10k-15k,"氛围好,环境佳,福利好,晋升空间大","['3', '5']",4.0,"['10', '15']",11.25
深圳市蛋壳创意科技有限公司,蛋壳创意科技,50-150人,未融资,龙岗区,PHP开发工程师-高级,3-5年,大专,8k-10k,"地铁周边,年轻团队,下午茶,季度提薪","['3', '5']",4.0,"['8', '10']",8.5
深圳市点滴互联网络有限公司,点嘀互联,50-150人,A轮,龙岗区,PHP开发工程师(高薪聘请）,1-3年,大专,8k-16k,弹性工作，年终奖，股票期权，不定期旅游,"['1', '3']",2.0,"['8', '16']",10.0
深圳易加油信息科技有限公司,易加油,50-150人,B轮,南山区,高级PHP开发工程师,3-5年,本科,10k-15k,"优秀团队,高增长,成长空间大","['3', '5']",4.0,"['10', '15']",11.25
深圳新丝软件有限公司,深圳新丝软件有限公司,少于15人,未融资,南山区,PHP工程师,1-3年,大专,8k-10k,"试用期短,周末双休","['1', '3']",2.0,"['8', '10']",8.5
深圳市西禾网络科技有限公司,西禾网络,少于15人,未融资,南山区,PHP高级工程师,3-5年,大专,12k-24k,PHP,"['3', '5']",4.0,"['12', '24']",15.0
深圳市生活宝网络有限公司,深圳市生活网网络有限公司,15-50人,B轮,宝安区,PHP高级开发工程师,1-3年,大专,14K-16K,"发展空间大,团队完善,氛围轻松,薪资福利佳","['1', '3']",2.0,"['14', '16']",14.5
江苏物润船联网络股份有限公司,江苏物润船联,50-150人,上市公司,宝安区,php工程师,3-5年,不限,8k-15k,"五险一金,项目奖励,领导好,绩效奖金","['3', '5']",4.0,"['8', '15']",9.75
旭QY科技有限公司,旭QY科技有限公司,15-50人,未融资,罗湖区,PHP程序员,1-3年,大专,6k-8k,"PHP,中级PHP","['1', '3']",2.0,"['6', '8']",6.5
深圳市艾特创新科技有限公司,ATCK,15-50人,不需要融资,南山区,PHP开发工程师,3-5年,大专,11k-22k,"PHP,wordp,全栈","['3', '5']",4.0,"['11', '22']",13.75
信迪网络资讯有限公司,信迪网络资讯有限公司,150-500人,不需要融资,福田区,PHP开发工程师,1-3年,大专,10k-15k,"周末双休,五险一金,薪酬竞争力,带薪年假","['1', '3']",2.0,"['10', '15']",11.25
上海易点时空网络有限公司,车轮,150-500人,C轮,南山区,PHP数据开发工程师,1-3年,大专,10k-20k,"福利多,前景好","['1', '3']",2.0,"['10', '20']",12.5
深圳盈富斯科技有限公司,盈富斯,150-500人,C轮,南山区,中级PHP开发工程师,1-3年,本科,18k-30k,"平台大,氛围好,领导 好","['1', '3']",2.0,"['18', '30']",21.0
深圳市神灯网络科技有限公司,青春神灯,15-50人,未融资,福田区,PHP开发工程师,1-3年,本科,8k-15k,"周末双休,朝九晚六,七小时工作,五险一金","['1', '3']",2.0,"['8', '15']",9.75
前海超级前台（深圳）信息技术有限公司,超级前台,15-50人,不需要融资,福田区,PHP开发工程师,1-3年,大专,8k-15k,"领导好,气氛活跃,发展空间大,交通方便","['1', '3']",2.0,"['8', '15']",9.75
深圳市利朗达科技有限公司,利朗达,500-2000人,B轮,龙华新区,高级PHP工程师,5-10年,大专,15k-25k,"年终奖金,氛围好,专业团队,每月聚餐","['5', '10']",7.5,"['15', '25']",17.5
深圳市东方博雅科技有限公司,博雅互动,500-2000人,上市公司,南山区,PHP后台开发工程师,3-5年,本科,12k-20k,"上市公司,六险一金,免费班车,餐补","['3', '5']",4.0,"['12', '20']",14.0
深圳市路行鸟科技有限公司,路行鸟,150-500人,未融资,罗湖区,PHP开发工程师,3-5年,不限,15k-25k,"五险一金,绩效奖金,福利补贴,包吃住","['3', '5']",4.0,"['15', '25']",17.5
深圳市泰管家健康管理有限公司,泰管家,50-150人,天使轮,南山区,php开发工程师,5-10年,本科,8k-15k,"五险一金,双休","['5', '10']",7.5,"['8', '15']",9.75
北京尚诚同力国际品牌管理顾问有限公司深圳分公司,尚诚同力深圳分公司,50-150人,未融资,南山区,PHP开发工程师,3-5年,大专,8k-15k,"年底双薪,年终分红,员工旅游,节日福利","['3', '5']",4.0,"['8', '15']",9.75
深圳市独尊科技开发有限公司,独尊科技,15-50人,未融资,南山区,PHP中级开发工程师,3-5年,本科,7k-12k,"五险一金,绩效奖金,专业培训,下午茶餐","['3', '5']",4.0,"['7', '12']",8.25
深圳市昌鼎华珠宝有限公司,九姑奶奶,50-150人,不需要融资,龙岗区,PHP开发工程师,3-5年,不限,8k-15k,"福利多,老板好,团队融洽,项目优佳","['3', '5']",4.0,"['8', '15']",9.75
深圳市微垠信息科技有限公司,巴巴赢客,500-2000人,天使轮,福田区,PHP高级开发工程师,3-5年,本科,9k-13k,培训,"['3', '5']",4.0,"['9', '13']",10.0
海南高灯科技有限公司,高灯科技,150-500人,不需要融资,南山区,高级PHP开发工程师,3-5年,本科,18k-30k,"腾讯团队,含金量高,双休,地铁口","['3', '5']",4.0,"['18', '30']",21.0
深圳市速聘通信息技术有限公司,速聘通,50-150人,未融资,南山区,pHP开发工程师,5-10年,本科,22k-35k,"腾讯系企业,技术大牛多,薪资福利好,工作氛围好","['5', '10']",7.5,"['22', '35']",25.25
深圳市企智达软件有限公司,企智达,少于15人,未融资,宝安区,PHP开发工程师,3-5年,本科,10k-20k,"高薪,学习能力强,奖金优厚,五险一金","['3', '5']",4.0,"['10', '20']",12.5
上海聚派信息科技有限公司,化妆师联盟,50-150人,不需要融资,宝安区,PHP/HTML5 资深开发工程师,3-5年,大专,8k-16k,"发展快,福利好,年度旅游,美女多","['3', '5']",4.0,"['8', '16']",10.0
深圳市美赞拓信息科技有限公司,美赞拓建站,15-50人,不需要融资,宝安区,magento产品开发/php开发,1-3年,大专,8k-15k,"待遇高,五险一金,发展空间大,环境好","['1', '3']",2.0,"['8', '15']",9.75
深圳市智享未来科技有限公司,智享科技,15-50人,不需要融资,宝安区,PHP高级开发工程师,3-5年,本科,13k-25k,项目奖金,"['3', '5']",4.0,"['13', '25']",16.0
深圳玖盟互动网络科技有限公司,玖盟,50-150人,不需要融资,南山区,高级PHP程序开发,3-5年,不限,15k-25k,"团队氛围好,晋升空间大","['3', '5']",4.0,"['15', '25']",17.5
深圳市优伴教育科技有限公司,优伴教育,15-50人,A轮,宝安区,PHP开发工程师,3-5年,大专,8k-16k,"扁平化管理,待遇优,发展空间大","['3', '5']",4.0,"['8', '16']",10.0
深圳市顶起科技有限公司,顶起互动,15-50人,未融资,南山区,PHP程序员,3-5年,大专,8k-16k,"缴纳五险,股票期权,带薪年假","['3', '5']",4.0,"['8', '16']",10.0
深圳碉堡互动娱乐有限公司,豆腐-女性向创作社区,15-50人,A轮,宝安区,PHP开发工程师,3-5年,本科,10k-18k,弹性工作，福利全，妹子多，表现好拿期权,"['3', '5']",4.0,"['10', '18']",12.0
深圳市娱商文化传播有限公司,娱商文化,50-150人,未融资,龙华新区,php开发工程师,1-3年,大专,6K-10K,五险一金，双休，带薪年假,"['1', '3']",2.0,"['6', '10']",7.0
深圳智能空间区块链技术科技有限公司,深圳智能空间,15-50人,未融资,南山区,PHP开发工程师,1-3年,本科,10k-15k,"五险一金,周末双休","['1', '3']",2.0,"['10', '15']",11.25
深圳前海汇计算科技有限公司,汇计算科技,15-50人,A轮,南山区,高级PHP开发,3-5年,大专,18k-28k,"交通便利,五险一金,期权分红,双休假期多","['3', '5']",4.0,"['18', '28']",20.5
深圳市洲鼎信息技术有限公司,洲鼎信息,50-150人,未融资,南山区,PHP（中级）,3-5年,大专,10k-15k,"晋升空间,弹性工作,奖金丰厚,领导好","['3', '5']",4.0,"['10', '15']",11.25
深圳市沃菲数字营销有限公司,沃菲数字营销,50-150人,未融资,南山区,PHP,1-3年,本科,8k-10k,"PHP,电商,后端开发,后端","['1', '3']",2.0,"['8', '10']",8.5
深圳市易佰网络科技有限公司,易佰网络科技,500-2000人,B轮,龙华新区,PHP开发工程师（急招聘）,3-5年,大专,9k-17k,"免费班车,PHP","['3', '5']",4.0,"['9', '17']",11.0
深圳市雾中楼科技有限公司,雾中楼,15-50人,不需要融资,南山区,高级（资深）PHP开发工程师,3-5年,不限,12k-20k,"气氛好,老板靠谱,平台好,牛人多","['3', '5']",4.0,"['12', '20']",14.0
深圳市海豚村信息技术有限公司,海豚村,150-500人,B轮,南山区,PHP工程师,1-3年,本科,10k-18k,"业务复杂,大并发量","['1', '3']",2.0,"['10', '18']",12.0
深圳市际客电子商务有限公司,际客国际,150-500人,未融资,龙岗区,PHP开发工程师,3-5年,大专,8k-16k,"技术强,团队强,挑战大,非外包","['3', '5']",4.0,"['8', '16']",10.0
深圳市超盟金服技术信息服务有限公司,超盟金服,150-500人,A轮,南山区,PHP,3-5年,大专,10k-20k,"五险一金,带薪年假,下午茶,团队年轻","['3', '5']",4.0,"['10', '20']",12.5
深圳民通服科技有限公司,民通服,15-50人,未融资,福田区,PHP（高级）开发工程师,3-5年,大专,14k-20k,"双休,年终奖,年度调薪","['3', '5']",4.0,"['14', '20']",15.5
深圳市迷你玩科技有限公司,迷你玩,50-150人,B轮,南山区,PHP开发工程师,3-5年,大专,10k-20k,"领导好,氛围好,平台好,下午茶","['3', '5']",4.0,"['10', '20']",12.5
深圳市明源云客电子商务有限公司,明源云,2000人以上,上市公司,南山区,初级PHP开发工程师,1-3年,本科,8k-16k,"BAT骨干,创新氛围","['1', '3']",2.0,"['8', '16']",10.0
深圳市银河世纪投资咨询有限公司,银河移民,50-150人,D轮及以上,福田区,中高级PHP工程师,3-5年,本科,10k-20k,"福利好,有前景","['3', '5']",4.0,"['10', '20']",12.5
深圳第壹黄金销售有限公司,第壹黄金,50-150人,不需要融资,南山区,PHP开发工程师,3-5年,大专,12k-20k,"发展空间大,氛围好,加班少","['3', '5']",4.0,"['12', '20']",14.0
深圳市蛋壳创意科技有限公司,蛋壳创意科技,50-150人,未融资,龙岗区,PHP开发工程师-中级,3-5年,大专,6k-8k,"地铁周边,朝九晚六,弹性上班,五险一金","['3', '5']",4.0,"['6', '8']",6.5
深圳市前海汇流信息科技有限公司,前海汇流,50-150人,A轮,南山区,初级PHP开发工程师,1-3年,本科,10k-20k,"高薪假多,土豪奖金,周末双休,帅哥美女多","['1', '3']",2.0,"['10', '20']",12.5
深圳市乐途宝网络科技有限公司,嘟嘟巴士,50-150人,B轮,南山区,PHP开发工程师,3-5年,大专,12k-20k,"晋升体系,五险一金,扁平管理,美女多","['3', '5']",4.0,"['12', '20']",14.0
万兴科技股份有限公司,万兴科技股份有限公司,150-500人,上市公司,南山区,高级PHP开发工程师,3-5年,本科,18k-25k,前景好、工作环境好、同事很Nice，待遇优,"['3', '5']",4.0,"['18', '25']",19.75
深圳市爱豆网络技术有限公司,爱豆,15-50人,A轮,南山区,PHP开发工程师,3-5年,本科,15k-25k,"扁平化管理,团队氛围好,出国旅游","['3', '5']",4.0,"['15', '25']",17.5
深圳市猎芯科技有限公司,猎芯科技,50-150人,B轮,龙岗区,高级PHP后端开发工程师,3-5年,本科,15k-25k,"发展空间大,php,牛人共事","['3', '5']",4.0,"['15', '25']",17.5
亿达信息技术（深圳）有限公司,YIDATEC,2000人以上,不需要融资,南山区,技术支持/PHP开发,3-5年,大专,10k-15k,"五百强公司,六险一金,年度旅游,年度体检","['3', '5']",4.0,"['10', '15']",11.25
深圳市龙霸网络科技有限公司,龙霸网络,50-150人,未融资,宝安区,PHP,1-3年,大专,6k-12k,"五险一金,员工旅游,晋升空间大,包住","['1', '3']",2.0,"['6', '12']",7.5
深圳绿巨人网络传媒有限公司,绿巨人,150-500人,未融资,龙岗区,PHP开发工程师,3-5年,大专,8k-15k,"php,软件开发,架构师,小程序","['3', '5']",4.0,"['8', '15']",9.75
深圳亿幕信息科技有限公司,亿幕,50-150人,A轮,南山区,【深圳】PHP开发工程师,1-3年,本科,12k-22k,发挥空间大,"['1', '3']",2.0,"['12', '22']",14.5
深圳云行智能科技有限公司,云行智能,50-150人,天使轮,南山区,PHP高级工程师,3-5年,本科,20k-35k,"高五险一金,BAT大牛,扁平化组织,行业好","['3', '5']",4.0,"['20', '35']",23.75
深圳市前海朵莓网络科技有限公司,深圳市前海朵莓网络科技有限公司,50-150人,天使轮,宝安区,PHP开发工程师,3-5年,大专,12k-20k,"带薪年假,双休,五险一金,节假日福利","['3', '5']",4.0,"['12', '20']",14.0
优倍快网络技术咨询(上海)有限公司,优倍快 (UBNT),150-500人,上市公司,福田区,PHP开发工程师,1-3年,大专,10k-20k,"创业氛围,上市公司,智能硬件,扁平化管理","['1', '3']",2.0,"['10', '20']",12.5
广州市星奈吉贸易有限公司,星奈吉,150-500人,C轮,南山区,PHP高级开发工程师,1年以下,本科,10k-20k,"五险一金,车补,餐补,团建",['1'],1.0,"['10', '20']",12.5
深圳市玖昔科技发展股份有限公司,爱豆子,50-150人,B轮,南山区,PHP开发工程师,1-3年,本科,10k-20k,"技术追求,高速成长","['1', '3']",2.0,"['10', '20']",12.5
深圳傲基电子商务有限公司,傲基,2000人以上,上市公司,,PHP开发工程师,3-5年,大专,10k-20k,上市公司 快速发展 技术提升 工作氛围好,"['3', '5']",4.0,"['10', '20']",12.5
深圳市恒之易电子商务有限公司,恒之易,50-150人,未融资,宝安区,PHP,不限,大专,13k-18k,福利： 五险一金、年终奖、节日福利等,[],0.0,"['13', '18']",14.25
在线途游（北京）科技有限公司,途游,150-500人,B轮,南山区,PHP开发工程师,3-5年,本科,15k-25k,"朝阳业务,扁平管理,技术成长","['3', '5']",4.0,"['15', '25']",17.5
深圳市灵游互娱股份有限公司,灵游互娱,150-500人,A轮,南山区,PHP开发,3-5年,本科,15k-20k,"薪酬福利,团队氛围,平台前景,周末双休","['3', '5']",4.0,"['15', '20']",16.25
万兴科技股份有限公司,万兴科技股份有限公司,150-500人,上市公司,南山区,高级PHP开发工程师,3-5年,大专,10k-20k,前景好、工作环境好、同事很Nice，待遇优,"['3', '5']",4.0,"['10', '20']",12.5
传利科技（深圳）有限公司,传利科技（深圳）有限公司,少于15人,不需要融资,南山区,PHP开发工程师,1-3年,不限,7k-10k,"五险一金,弹性工作,公司旅游,美女多","['1', '3']",2.0,"['7', '10']",7.75
深圳市泛娱科技产业有限公司,泛娱科技,15-50人,天使轮,南山区,PHP高级开发工程师,3-5年,大专,12k-18k,好,"['3', '5']",4.0,"['12', '18']",13.5
深圳市橙橙网络科技有限公司,e橙优品,少于15人,未融资,宝安区,php开发工程师,1-3年,本科,6k-10k,"区块链,股权激励","['1', '3']",2.0,"['6', '10']",7.0
深圳科极达盛投资有限公司,科极达盛,50-150人,A轮,南山区,php程序员/开发人员,1-3年,大专,10k-15k,"福利待遇好,升职空间大,领导好,项目提成多","['1', '3']",2.0,"['10', '15']",11.25
深圳嵊灿科技有限公司,嵊灿科技,150-500人,上市公司,,PHP开发工程师,5-10年,本科,15k-22k,良好发展空间及机会，氛围好,"['5', '10']",7.5,"['15', '22']",16.75
深圳市杰迈科技有限公司,杰迈云智,15-50人,未融资,宝安区,高级PHP开发工程师,3-5年,本科,8k-12k,PHP开发,"['3', '5']",4.0,"['8', '12']",9.0
深圳壹加零网络科技有限公司,深圳壹加零,15-50人,天使轮,南山区,PHP高级开发工程师,3-5年,本科,15K-25K,"弹性工作制,五险一金,年两次旅游,不用加班","['3', '5']",4.0,"['15', '25']",17.5
深圳市米糠云科技有限公司,深圳市米糠云科技有限公司,15-50人,未融资,南山区,php程序员 php研发,1-3年,本科,8k-16k,"加班补贴,社会保险","['1', '3']",2.0,"['8', '16']",10.0
深圳市赢众通金融信息服务有限责任公司,小赢科技,500-2000人,B轮,南山区,中级PHP开发工程师,1-3年,本科,15k-30k,五险一金、定期体检、绩效奖金、午餐补助,"['1', '3']",2.0,"['15', '30']",18.75
深圳掌阅动漫科技有限公司,掌阅动漫,15-50人,天使轮,南山区,PHP／资深／专家,3-5年,本科,16k-26k,一起拼搏，成长，伴随着漫画，美女，战友,"['3', '5']",4.0,"['16', '26']",18.5
深圳市前海欢雀科技有限公司,欢雀科技,50-150人,A轮,南山区,PHP工程师,1-3年,大专,10k-16k,"五险一金,5天8小时,团队优秀","['1', '3']",2.0,"['10', '16']",11.5
旭QY科技有限公司,旭QY科技有限公司,15-50人,未融资,福田区,高级PHP工程师,3-5年,大专,13k-15k,高级工程师,"['3', '5']",4.0,"['13', '15']",13.5
厦门美图之家科技有限公司,美图公司,2000人以上,上市公司,南山区,高级php工程师,3-5年,本科,15k-25k,"技术牛,产品牛","['3', '5']",4.0,"['15', '25']",17.5
深圳来星网络科技有限公司,Livestar,50-150人,B轮,南山区,高级PHP开发工程师,3-5年,本科,12k-20k,"牛人多,福利待遇好,气氛好,技术控","['3', '5']",4.0,"['12', '20']",14.0
北京洲济通网络科技发展有限公司深圳分公司,洲济通,15-50人,天使轮,南山区,PHP-Web应用开发,1-3年,大专,10k-15k,"福利多,前景好,氛围棒","['1', '3']",2.0,"['10', '15']",11.25
深圳饰的时尚珠宝有限公司,饰的饰的,15-50人,天使轮,罗湖区,php开发工程师,3-5年,本科,13k-25k,"公司美女多,氛围好,薪水高,期权奖励","['3', '5']",4.0,"['13', '25']",16.0
安徽立品网络科技有限公司,大金科技,150-500人,不需要融资,龙岗区,PHP工程师,3-5年,大专,13k-26k,"年终奖金,年假30天,提供食宿,机票报销","['3', '5']",4.0,"['13', '26']",16.25
富途网络科技（深圳）有限公司,富途网络,150-500人,C轮,南山区,PHP开发工程师,3-5年,不限,15k-25k,"精英团队,弹性工作,行业独角兽,福利待遇","['3', '5']",4.0,"['15', '25']",17.5
深圳环宇国际旅行社有限公司,环宇国旅,15-50人,不需要融资,龙岗区,PHP开发工程师,1-3年,大专,7k-10k,"不加班,双休","['1', '3']",2.0,"['7', '10']",7.75
F克科技有限公司,夸克链,150-500人,天使轮,南山区,PHP后台开发高级工程师,3-5年,本科,15k-30k,"高薪酬,空间大,福利好,双休","['3', '5']",4.0,"['15', '30']",18.75
深圳市微垠信息科技有限公司,巴巴赢客,500-2000人,天使轮,福田区,PHP高级开发工程师,3-5年,本科,9k-12k,"免费外训,提升培训,免费","['3', '5']",4.0,"['9', '12']",9.75
深圳市伊世易信息科技有限公司,深圳市伊世易信息科技有限公司,少于15人,未融资,福田区,PHP开发工程师,1-3年,大专,8k-16k,"协作,扁平化,氛围好","['1', '3']",2.0,"['8', '16']",10.0
深圳大川网络科技有限公司,大川,50-150人,不需要融资,南山区,PHP开发工程师,1-3年,大专,15k-25k,"五险一金,包中晚餐,项目奖金,多种福利","['1', '3']",2.0,"['15', '25']",17.5
创销英杰软件（深圳）有限公司,英雄开发,150-500人,不需要融资,南山区,PHP高级工程师,3-5年,本科,20k-25k,"十天年假,环境氛围好,团队大牛多,薪资待遇高","['3', '5']",4.0,"['20', '25']",21.25
中邮电贸实业（深圳）有限公司,中邮电商,15-50人,不需要融资,福田区,PHP英文工程师,1-3年,本科,10k-15k,"带薪年假,弹性工作,节日福利,跨境电商","['1', '3']",2.0,"['10', '15']",11.25
深圳安捷互联有限公司,校鸽,50-150人,A轮,南山区,PHP开发工程师,1-3年,大专,6k-10k,"发展空间大,健身俱乐部,年度旅游,下午茶","['1', '3']",2.0,"['6', '10']",7.0
广东创图文化传媒有限公司,创图文化,15-50人,未融资,福田区,PHP工程师,3-5年,大专,15k-25k,"社保齐全,晋升空间大,双休,带薪年假","['3', '5']",4.0,"['15', '25']",17.5
深圳触云科技有限公司,深圳触云科技,50-150人,B轮,南山区,PHP开发工程师,3-5年,大专,10k-20k,"氛围好,领导好","['3', '5']",4.0,"['10', '20']",12.5
深圳市奇创网络科技有限公司,深圳奇创,50-150人,未融资,福田区,高级PHP开发工程师,3-5年,大专,10k-15k,"周末双休,五险一金,节日福利,员工旅游","['3', '5']",4.0,"['10', '15']",11.25
深圳市易仓科技有限公司,易仓,150-500人,未融资,南山区,高级PHP工程师,3-5年,大专,15K-25K,"跨境电商,技术大牛,福利多,氛围活跃","['3', '5']",4.0,"['15', '25']",17.5
大地零一（深圳）科技有限公司,大地零一,50-150人,不需要融资,南山区,PHP开发工程师,5-10年,本科,15k-30k,"双休,7.5小时,午餐补助,福利好","['5', '10']",7.5,"['15', '30']",18.75
深圳市龙霸网络科技有限公司,龙霸网络,50-150人,未融资,宝安区,高级PHP,1-3年,大专,6k-12k,"五险一金,交通方便,员工旅游,多次调薪","['1', '3']",2.0,"['6', '12']",7.5
深圳市龙亿文化传播有限公司,龙亿文化,15-50人,未融资,龙岗区,PHP开发工程师,1-3年,大专,8k-15k,"节日福利,项目奖金,环境好,氛围好","['1', '3']",2.0,"['8', '15']",9.75
深圳市微趣时代科技有限公司,微趣时代,50-150人,未融资,福田区,PHP高级工程师,3-5年,本科,15k-25k,五险一金 带薪年假 年终双薪 节日福利,"['3', '5']",4.0,"['15', '25']",17.5
深圳深资创软件开发技术有限公司,深资创,15-50人,未融资,宝安区,PHP工程师,3-5年,本科,8k-15k,"高薪,奖金","['3', '5']",4.0,"['8', '15']",9.75
深圳市驰基电竞互娱有限公司,驰基电竞,15-50人,不需要融资,南山区,php主管(技术负责人),5-10年,不限,15k-30k,"五险一金,周末双休,扁平化管理,甲级办公室","['5', '10']",7.5,"['15', '30']",18.75
上海提捺信息科技有限公司,上海提捺信息科技有限公司,500-2000人,不需要融资,南山区,PHP开发工程师（经理/主管）,5-10年,大专,16k-25k,"税后薪资,出国机会,包吃住,奖金分红","['5', '10']",7.5,"['16', '25']",18.25
深圳市中子星网络科技有限公司,技术服务商,500-2000人,A轮,南山区,php开发工程师,3-5年,大专,15K-25K,年底双薪、带薪年假、加班补助,"['3', '5']",4.0,"['15', '25']",17.5
深圳曲速科技有限公司,曲速科技,50-150人,不需要融资,宝安区,PHP开发,3-5年,大专,9k-15k,"项目奖金,福利多","['3', '5']",4.0,"['9', '15']",10.5
深圳市览网科技有限公司,览网,15-50人,天使轮,南山区,PHP高级工程师,3-5年,大专,14k-20k,股权,"['3', '5']",4.0,"['14', '20']",15.5
深圳市捷伴信息科技有限公司,捷伴,少于15人,不需要融资,罗湖区,PHP工程师,1-3年,本科,8K-16K,"能力提升快,尊重人才,自我价值","['1', '3']",2.0,"['8', '16']",10.0
深圳云行智能科技有限公司,云行智能,50-150人,天使轮,福田区,php开发工程师,1-3年,大专,15K-25K,项目赛道发展前景好，公司技术牛人多,"['1', '3']",2.0,"['15', '25']",17.5
深圳市品尚汇电子商务股份有限公司,品尚红酒,150-500人,上市公司,南山区,PHP开发工程师,1-3年,本科,9k-12k,"电商行业,发展空间","['1', '3']",2.0,"['9', '12']",9.75
深圳市田丁互联网科技有限公司,田丁科技,50-150人,不需要融资,南山区,PHP开发工程师,3-5年,本科,12k-18k,"大咖,准上市公司,氛围轻松","['3', '5']",4.0,"['12', '18']",13.5
深圳犀牛之星信息股份有限公司,犀牛之星,50-150人,B轮,南山区,PHP,3-5年,大专,10k-18k,"弹性工作,下午茶","['3', '5']",4.0,"['10', '18']",12.0
深圳市彭珠贸易有限公司,彭珠贸易,500-2000人,不需要融资,宝安区,Base曼谷--高级PHP工程师,5-10年,大专,13k-19k,"税后13薪,绩效奖金,双休,出国","['5', '10']",7.5,"['13', '19']",14.5
深圳市智淘网络有限公司,智淘,15-50人,不需要融资,,中级PHP工程师,1-3年,大专,9k-18k,晋升空间大+大数据,"['1', '3']",2.0,"['9', '18']",11.25
深圳优卡南方能源有限公司,优卡,50-150人,A轮,龙岗区,PHP中级工程师,1-3年,大专,10k-15k,"股票期权,带薪年假,绩效奖金,晋升空间大","['1', '3']",2.0,"['10', '15']",11.25
深圳前海黑鲸科技有限公司,深圳前海黑鲸科技有限公司,15-50人,A轮,南山区,PHP开发工程师,1-3年,大专,6k-12k,"PHP,开发工程师","['1', '3']",2.0,"['6', '12']",7.5
上海酷萌网络科技有限公司,酷萌网络（LNI技术有限公司）,500-2000人,不需要融资,南山区,PHP运维开发工程师（国外）,3-5年,大专,20k-30k,"税后工资,海外经历,公寓住宿,20天年假","['3', '5']",4.0,"['20', '30']",22.5
深圳市星图互联科技有限公司,星图互联,少于15人,未融资,宝安区,PHP研发工程师,1-3年,本科,10k-20k,"弹性上班,靠谱团队,项目奖金","['1', '3']",2.0,"['10', '20']",12.5
深圳市慧创恒通科技有限公司,HCHT,15-50人,不需要融资,南山区,PHP开发工程师,3-5年,大专,13k-15k,领导亲和,"['3', '5']",4.0,"['13', '15']",13.5
有棵树（深圳）网络科技有限公司,YKS,2000人以上,D轮及以上,宝安区,中高级PHP开发,3-5年,大专,15k-25k,"五险一金,上市公司,团队合作,晋升空间大","['3', '5']",4.0,"['15', '25']",17.5
深圳市奔跑科技有限公司,奔跑科技,少于15人,A轮,南山区,PHP开发工程师,应届毕业生,本科,3k-6k,"资深指导,快速成长,创业激情",[],0.0,"['3', '6']",3.75
深圳市众云网有限公司,众云网,15-50人,不需要融资,南山区,PHP开发工程师,1-3年,不限,5K-10K,"团队氛围好,五险一金,周末双休","['1', '3']",2.0,"['5', '10']",6.25
深圳市网联信息科技开发有限公司,网联信息,150-500人,不需要融资,福田区,PHP开发工程师,1-3年,大专,6k-10k,"无吸引力,绩效奖金,带薪休假,公司旅游","['1', '3']",2.0,"['6', '10']",7.0
深圳市美乐德商务服务有限公司,Mylord,50-150人,不需要融资,宝安区,PHP开发工程师-电商,3-5年,大专,15k-20k,"双休,带薪年假,五险一金","['3', '5']",4.0,"['15', '20']",16.25
深圳多游空间科技有限公司,多游空间,15-50人,不需要融资,宝安区,PHP高级工程师,3-5年,本科,10k-20k,"年终分红,绩效奖金","['3', '5']",4.0,"['10', '20']",12.5
您用科技（深圳）有限公司,您用科技,15-50人,未融资,南山区,PHP高级工程师,5-10年,大专,10K-15K,发展前景，福利待遇好，环境优美，优秀团队,"['5', '10']",7.5,"['10', '15']",11.25
华为全资子公司慧通公司,华为慧通,500-2000人,未融资,龙岗区,PHP开发工程师,1-3年,本科,15k-25k,华为编制,"['1', '3']",2.0,"['15', '25']",17.5
创销英杰软件（深圳）有限公司,英雄开发,150-500人,不需要融资,南山区,高级PHP程序员,3-5年,本科,20k-25k,"十天年假,环境氛围好,团队皆牛人,薪资待遇高","['3', '5']",4.0,"['20', '25']",21.25
深圳依时货拉拉科技有限公司,货拉拉手机打车软件,2000人以上,C轮,福田区,PHP高级工程师,5-10年,本科,20k-28k,年终奖 下午茶 旅游 六险一金,"['5', '10']",7.5,"['20', '28']",22.0
深圳市久顺源科技有限公司,深圳市久顺源科技有限公司,15-50人,不需要融资,龙岗区,诚聘PHP程序员/PHP开发工程师,1-3年,不限,5k-10k,"五险一金,年终分红,加班补助,带薪年假","['1', '3']",2.0,"['5', '10']",6.25
深圳市览网科技有限公司,览网,15-50人,天使轮,南山区,PHP工程师（小程序方向）,3-5年,大专,13k-20k,股权,"['3', '5']",4.0,"['13', '20']",14.75
深圳市耀年品牌设计顾问有限公司,耀年设计,15-50人,不需要融资,福田区,PHP,不限,本科,7k-10k,我们是造飞机的人,[],0.0,"['7', '10']",7.75
深圳鱼传科技有限公司,鱼传科技,15-50人,不需要融资,龙岗区,全栈工程师-PHP&amp;前端&amp;移动端,1-3年,大专,8k-12k,"五险一金,氛围轻松,大牛指导,公司前景好","['1', '3']",2.0,"['8', '12']",9.0
聚畔信息科技（上海）有限公司,聚畔,15-50人,未融资,南山区,PHP开发工程师,5-10年,不限,10k-20k,"五险一金,带薪年假,年终奖金,弹性工作","['5', '10']",7.5,"['10', '20']",12.5
深圳瓶子科技有限公司,瓶子科技,50-150人,不需要融资,南山区,php高级开发工程师,5-10年,本科,15k-30k,"福利好,学习机会,绩效奖金","['5', '10']",7.5,"['15', '30']",18.75
深圳市果拍网络科技有限公司,果拍科技,15-50人,不需要融资,龙岗区,PHP开发工程师,1-3年,大专,10k-15k,"ERP系统,小姐姐多,纯技术,跨境电商","['1', '3']",2.0,"['10', '15']",11.25
深圳宝弘成网络科技有限公司,宝弘成,50-150人,不需要融资,罗湖区,PHP开发工程师,3-5年,不限,10k-20k,"五险一金,繁华地带","['3', '5']",4.0,"['10', '20']",12.5
深圳市星艺网科技有限公司,星艺网,少于15人,天使轮,,PHP兼职工程师,3-5年,不限,10k-20k,先兼职或发展成为公司合伙人提供原始股权！,"['3', '5']",4.0,"['10', '20']",12.5
深圳市微金服科技开发有限公司,微金服,15-50人,不需要融资,福田区,PHP高级工程师,3-5年,大专,15k-20k,"扁平化管理,轻松办公,周末双休,带薪年假","['3', '5']",4.0,"['15', '20']",16.25
能量（深圳）科技有限公司,我爱全球购,少于15人,未融资,南山区,PHP高级开发工程师,3-5年,大专,6k-12k,"五险一金,扁平化管理,团队氛围好,丰厚福利","['3', '5']",4.0,"['6', '12']",7.5
兴天实业（深圳）有限公司,兴天实业,50-150人,不需要融资,南山区,PHP后端开发程序员,1-3年,大专,8k-14k,"周末双休,带薪年假,五险一金","['1', '3']",2.0,"['8', '14']",9.5
深圳市爱乐墨科技有限公司,乐墨科技,少于15人,不需要融资,南山区,资深技术经理（PHP）,5-10年,本科,15K-25K,"弹性上班,行业领先","['5', '10']",7.5,"['15', '25']",17.5
深圳市一花科技有限公司,一花科技,50-150人,不需要融资,南山区,PHP开发,3-5年,大专,12k-20k,周末双休 下午茶 期权激励 团建活动多多,"['3', '5']",4.0,"['12', '20']",14.0
揭阳科盈科技有限公司,揭阳科盈科技有限公司,50-150人,不需要融资,南山区,PHP开发工程师,1-3年,大专,9k-18k,"周末双休,五险一金,年终奖,零食下午茶","['1', '3']",2.0,"['9', '18']",11.25
深圳市金三银四网络科技有限公司,返利360,15-50人,不需要融资,南山区,PHP开发工程师,1-3年,本科,10k-20k,"PHP,后台,web","['1', '3']",2.0,"['10', '20']",12.5
深圳市宏福圣货运代理有限公司,宏福圣货代,15-50人,不需要融资,龙岗区,php工程师,不限,不限,4k-6k,全勤奖,[],0.0,"['4', '6']",4.5
深圳市密维网络科技有限公司,密维,50-150人,未融资,南山区,高级PHP开发工程师,3-5年,大专,20k-35k,"PHP,高薪,带薪年假,员工旅游","['3', '5']",4.0,"['20', '35']",23.75
洛克天地网络科技（深圳）有限公司,洛克网络,少于15人,未融资,宝安区,高级PHP开发工程师,5-10年,硕士,25k-30k,"零食供应,年底双薪,带薪年假","['5', '10']",7.5,"['25', '30']",26.25
深圳优卡南方能源有限公司,优卡,50-150人,A轮,龙岗区,PHP高级开发工程师,3-5年,大专,10k-15k,"股票期权,带薪年假,绩效奖金,晋升空间大","['3', '5']",4.0,"['10', '15']",11.25
深圳市小泊科技有限公司,小泊,500-2000人,不需要融资,南山区,中级PHP开发工程师,3-5年,大专,13k-20k,"爸爸是万科,吃住行补贴,扁平化管理,员工福利棒","['3', '5']",4.0,"['13', '20']",14.75
深圳市一道网络有限公司,深圳市一道网络有限公司,15-50人,未融资,罗湖区,PHP开发工程师,1-3年,大专,8k-15k,"带薪年假,绩效奖金","['1', '3']",2.0,"['8', '15']",9.75
大地零一（深圳）科技有限公司,大地零一,50-150人,不需要融资,南山区,PHP开发工程师,1-3年,本科,15k-30k,"福利好,年轻团队,午餐补贴,7.5小时","['1', '3']",2.0,"['15', '30']",18.75
深圳市云客派科技有限公司,云客派,15-50人,不需要融资,龙华新区,PHP中级工程师,3-5年,大专,15k-25k,"五险一金,节日福利,股权分红,培训机会多","['3', '5']",4.0,"['15', '25']",17.5
深圳美丽经济科技有限公司,美丽经济,15-50人,不需要融资,南山区,php开发工程师,3-5年,大专,8k-15k,技术大牛,"['3', '5']",4.0,"['8', '15']",9.75
深圳市高巨电子有限公司,高巨电子,15-50人,未融资,龙岗区,研发主管 精通c+/php/java php调用C,3-5年,本科,8k-15k,"五险,晋升","['3', '5']",4.0,"['8', '15']",9.75
深圳深资创软件开发技术有限公司,深资创,15-50人,未融资,宝安区,PHP高级开发,3-5年,本科,15k-25k,"钱多,管理岗位,管理培训,创业指导","['3', '5']",4.0,"['15', '25']",17.5
深圳市奔跑科技有限公司,奔跑科技,少于15人,A轮,南山区,PHP开发工程师,应届毕业生,本科,3k-6k,"资深指导,快速成长,创业激情",[],0.0,"['3', '6']",3.75
深圳易加油信息科技有限公司,易加油,50-150人,B轮,南山区,php开发工程师,1-3年,本科,10k-15k,高成长性,"['1', '3']",2.0,"['10', '15']",11.25
深圳华冠网络科技服务有限公司,华冠网络科技,150-500人,不需要融资,罗湖区,php程序员,1-3年,大专,8k-12k,"五险,全勤奖","['1', '3']",2.0,"['8', '12']",9.0
亿达信息技术（深圳）有限公司,YIDATEC,2000人以上,不需要融资,南山区,php开发,1-3年,大专,11k-12k,"开发,朝九晚六","['1', '3']",2.0,"['11', '12']",11.25
深圳市优品未来科技有限公司,优品未来,15-50人,天使轮,南山区,（高薪急聘）PHP高级开发工程师,3-5年,本科,15k-20k,"PHP,高级开发,高薪急聘","['3', '5']",4.0,"['15', '20']",16.25
深圳市量智科技有限公司,量智科技,少于15人,天使轮,南山区,中高级PHP开发,3-5年,大专,16k-25k,晋升空间大,"['3', '5']",4.0,"['16', '25']",18.25
深圳世通佳源商贸有限公司,世通佳源,50-150人,天使轮,罗湖区,高（中）级PHP工程师,5-10年,大专,17k-25k,"紧急,薪酬优势","['5', '10']",7.5,"['17', '25']",19.0
上海金枣金融信息服务有限公司,维C理财,50-150人,A轮,福田区,PHP工程师,1-3年,本科,10k-20k,物权众筹，社交金融，五险一金，上班不打卡,"['1', '3']",2.0,"['10', '20']",12.5
深圳市蜂巢资讯传播有限公司,深圳市蜂巢资讯传播有限公司,50-150人,未融资,南山区,中高级PHP开发工程师,3-5年,本科,13k-20k,平等、宽松舒适的团队工作环境,"['3', '5']",4.0,"['13', '20']",14.75
深圳市中顺和盈科技有限公司,ACINgame,50-150人,未融资,南山区,PHP开发工程师,1-3年,本科,10k-18k,"成长空间大,发展快速","['1', '3']",2.0,"['10', '18']",12.0
深圳华会科技有限公司,华会科技,15-50人,A轮,宝安区,高级PHP开发工程师,1-3年,本科,8k-16k,"五险一金,双休,交通补贴,餐补","['1', '3']",2.0,"['8', '16']",10.0
中邮电贸实业（深圳）有限公司,中邮电商,15-50人,不需要融资,福田区,PHP高级工程师,3-5年,大专,12k-15k,"PHP,跨境电商,带薪年假,节日福利","['3', '5']",4.0,"['12', '15']",12.75
深圳市鑫德正科技有限公司,深圳市鑫德正科技有限公司,50-150人,不需要融资,龙岗区,PHP开发工程师（坂田杨美上班）,1-3年,大专,8k-15k,"90团队,妹子多,下午茶,员工团建","['1', '3']",2.0,"['8', '15']",9.75
深圳教你网络科技有限公司,深圳教你,50-150人,未融资,龙岗区,PHP小程序开发,1-3年,大专,8k-15k,"美女如云,年轻团队,早9晚6","['1', '3']",2.0,"['8', '15']",9.75
深圳市比巴科技有限公司,比巴,15-50人,A轮,南山区,高级PHP开发工程师,5-10年,大专,15k-20k,"下午茶,有奖金","['5', '10']",7.5,"['15', '20']",16.25
深圳市和谐号教育科技有限公司,和谐号,50-150人,不需要融资,龙华新区,PHP 中级工程师,3-5年,大专,12k-15k,"平台好,前景光明","['3', '5']",4.0,"['12', '15']",12.75
深圳市易仓科技有限公司,易仓,150-500人,未融资,南山区,PHP工程师,3-5年,大专,8k-16k,"跨境电商,技术团队,五险一金,下午茶","['3', '5']",4.0,"['8', '16']",10.0
深圳市赢众通金融信息服务有限责任公司,小赢科技,500-2000人,B轮,南山区,初级PHP开发工程师,1-3年,本科,10k-20k,富诱惑力的薪酬、良好的发展机会,"['1', '3']",2.0,"['10', '20']",12.5
深圳市八度时空科技有限公司,八度科技,15-50人,不需要融资,南山区,PHP开发工程师,1-3年,本科,10k-20k,"高福利,大牛带队,周末双休,下午茶","['1', '3']",2.0,"['10', '20']",12.5
深圳市中润文化传播有限公司,中润文化传播,50-150人,未融资,南山区,PHP工程师,3-5年,大专,8k-15k,"周末双休,项目奖金,五险一金,年终奖金","['3', '5']",4.0,"['8', '15']",9.75
深圳传奇无限网络有限公司,传奇无限,少于15人,天使轮,南山区,PHP开发工程师,3-5年,大专,8k-15k,"项目奖,氛围轻松,前景广阔,福利好","['3', '5']",4.0,"['8', '15']",9.75
深圳市驱动新媒体有限公司,车商通,50-150人,B轮,南山区,高级PHP/架构师,5-10年,大专,18k-25k,"美女多,弹性上班,周末双休,五险一金","['5', '10']",7.5,"['18', '25']",19.75
深圳礼舍科技有限公司,礼舍科技,50-150人,A轮,南山区,PHP开发工程师,应届毕业生,本科,10k-18k,"技术团队牛,公司氛围好,福利项目多",[],0.0,"['10', '18']",12.0
深圳市彬讯科技有限公司,土巴兔,2000人以上,C轮,南山区,php开发（高级）,5-10年,本科,20k-40k,"六险一金,节日福利,年度体检,带薪年假","['5', '10']",7.5,"['20', '40']",25.0
深圳优创智投科技有限公司,UCToo,15-50人,未融资,南山区,PHP高级工程师,1-3年,不限,7k-14k,"创意实现,项目提成,带薪年假,股份期权","['1', '3']",2.0,"['7', '14']",8.75
深圳市鹏讯网络科技有限公司,鹏讯公司,50-150人,未融资,南山区,高级PHP工程师,1-3年,大专,10k-20k,"周末双休,出国旅游,年底奖金,下午茶","['1', '3']",2.0,"['10', '20']",12.5
